retailer_moniker,query_count,total_slot_hours,estimated_cost_usd,first_query_date,last_query_date,active_days,avg_execution_seconds,max_execution_seconds,avg_queries_per_day
fashionnova,6459,17059.08,842.72,2025-08-27,2025-11-25,91,13.43,357.0,70.98
dell,6483,3532.31,174.49,2025-08-27,2025-11-25,91,9.7,1148.0,71.24
benchmark,5366,2999.89,148.19,2025-08-27,2025-11-25,91,16.04,434.0,58.97
gap,1194,2802.1,138.43,2025-08-27,2025-11-25,89,14.52,778.0,13.42
kohls,2110,2540.42,125.5,2025-08-27,2025-11-25,34,11.68,450.0,62.06
1e15a40,1995,1190.01,58.79,2025-08-27,2025-11-25,54,4.35,417.0,36.94
saksfifthavenue,816,833.96,41.2,2025-08-27,2025-11-25,91,22.01,863.0,8.97
onrunning,22386,814.35,40.23,2025-08-27,2025-11-25,91,2.68,247.0,246.0
levi,2547,793.19,39.18,2025-08-27,2025-11-25,89,6.16,132.0,28.62
511tactical,1371,670.35,33.12,2025-08-27,2025-11-25,91,6.88,198.0,15.07
theory,739,430.04,21.24,2025-08-27,2025-11-25,91,36.13,1604.0,8.12
kiehls,273,370.57,18.31,2025-08-27,2025-11-25,91,54.55,1171.0,3.0
giorgioarmanibeauty,275,354.13,17.49,2025-08-27,2025-11-25,91,100.32,1316.0,3.02
yslbeauty,276,353.78,17.48,2025-08-27,2025-11-25,91,106.34,1340.0,3.03
lancome,317,351.96,17.39,2025-08-27,2025-11-25,91,54.08,1330.0,3.48
golfsub70,269,349.96,17.29,2025-08-27,2025-11-25,91,108.45,1329.0,2.96
kerastaseusa,274,347.14,17.15,2025-08-27,2025-11-25,91,108.6,1331.0,3.01
qvc,1400,343.67,16.98,2025-08-27,2025-11-25,91,25.0,1305.0,15.38
20d2462,916,312.99,15.46,2025-09-02,2025-11-24,30,6.21,644.0,30.53
tjmaxx,295,251.66,12.43,2025-08-27,2025-11-25,91,37.04,688.0,3.24
bowerswilkins,248,248.04,12.25,2025-08-27,2025-11-13,79,26.03,718.0,3.14
hibbett,150,242.31,11.97,2025-08-27,2025-11-19,16,8.64,56.0,9.38
marshalls,284,229.52,11.34,2025-08-27,2025-11-25,91,38.85,678.0,3.12
helmutlang,278,201.03,9.93,2025-08-27,2025-11-25,91,72.37,1602.0,3.05
medline,1759,189.67,9.37,2025-08-27,2025-11-25,91,8.74,562.0,19.33
62661a6,10903,186.76,9.23,2025-08-27,2025-11-25,91,0.53,103.0,119.81
skinceuticals,273,179.28,8.86,2025-08-27,2025-11-25,91,53.5,1331.0,3.0
altardstate,3415,155.24,7.67,2025-08-27,2025-11-25,91,3.56,175.0,37.53
brahmin,116,153.23,7.57,2025-08-27,2025-11-25,88,92.96,1409.0,1.32
nike,1271,150.45,7.43,2025-08-28,2025-11-25,62,1.9,30.0,20.5
newbalance,7116,149.8,7.4,2025-08-27,2025-11-25,54,2.04,137.0,131.78
eaf244f,884,128.73,6.36,2025-08-27,2025-11-25,54,6.05,158.0,16.37
centerwell,3824,112.23,5.55,2025-08-27,2025-11-25,91,2.72,37.0,42.02
jcpenney,509,106.64,5.27,2025-08-27,2025-11-25,91,4.78,51.0,5.59
lululemon,1608,103.6,5.12,2025-08-27,2025-11-25,91,2.28,163.0,17.67
c8d7bf3,1463,94.98,4.69,2025-09-02,2025-11-25,36,2.93,254.0,40.64
huckberry,3428,86.56,4.28,2025-08-27,2025-11-25,91,4.4,175.0,37.67
voomisupply,60,81.92,4.05,2025-10-03,2025-11-25,52,40.7,107.0,1.15
ouraring,868,78.28,3.87,2025-08-27,2025-11-25,91,2.82,118.0,9.54
barnesandnoble,353,77.76,3.85,2025-09-01,2025-11-24,21,7.76,127.0,16.81
fanatics,249,74.38,3.68,2025-08-27,2025-11-25,91,9.63,120.0,2.74
nespresso,2251,72.34,3.57,2025-08-27,2025-11-25,91,1.6,118.0,24.74
coachoutlet,340,68.64,3.39,2025-09-25,2025-11-25,5,4.69,237.0,68.0
asics,3002,67.68,3.34,2025-08-27,2025-11-25,91,1.74,140.0,32.99
e048d72,1583,60.61,2.99,2025-08-27,2025-11-25,47,2.54,201.0,33.68
outdoorresearch,1388,59.16,2.92,2025-08-27,2025-11-25,91,3.65,188.0,15.25
peninsula,1072,58.05,2.86,2025-08-27,2025-11-25,85,6.85,56.0,12.61
chanel,2922,46.79,2.31,2025-08-27,2025-11-25,91,1.33,135.0,32.11
dsw,277,45.94,2.27,2025-08-27,2025-11-25,91,2.54,167.0,3.04
84c1734,801,42.12,2.08,2025-08-27,2025-11-25,46,3.24,78.0,17.41
birkenstock,1195,36.99,1.83,2025-08-29,2025-11-24,10,2.88,153.0,119.5
amway,343,34.43,1.71,2025-08-27,2025-11-25,50,2.47,58.0,6.86
express,1654,33.8,1.67,2025-08-29,2025-11-24,28,1.9,47.0,59.07
8066c59,7280,33.67,1.66,2025-08-27,2025-11-25,91,1.04,27.0,80.0
vuoriclothing,490,33.67,1.66,2025-08-27,2025-11-25,91,5.48,90.0,5.38
ninja-kitchen-emea,9790,31.03,1.53,2025-08-27,2025-11-25,91,1.46,56.0,107.58
ae,198,30.74,1.52,2025-08-27,2025-11-25,91,6.59,715.0,2.18
ninjakitchen,633,29.98,1.48,2025-08-27,2025-11-25,91,3.94,89.0,6.96
shoplc,324,29.35,1.45,2025-08-27,2025-11-25,91,8.16,139.0,3.56
d39c446,1174,27.55,1.36,2025-08-29,2025-11-25,14,1.62,21.0,83.86
exofficio,105,25.31,1.25,2025-08-31,2025-11-25,43,7.48,248.0,2.44
marmot,79,25.11,1.24,2025-08-31,2025-11-25,43,9.89,248.0,1.84
coach,662,23.9,1.18,2025-08-27,2025-11-25,91,2.29,58.0,7.27
canadagoose,1142,23.94,1.18,2025-08-27,2025-11-25,91,1.74,54.0,12.55
landsend,3239,23.35,1.16,2025-08-27,2025-11-25,91,1.27,185.0,35.59
penningtons,810,23.37,1.15,2025-08-27,2025-11-25,91,3.9,486.0,8.9
dickssportinggoods,279,23.19,1.15,2025-08-27,2025-11-25,90,2.3,15.0,3.1
crocs,389,22.95,1.13,2025-08-27,2025-11-25,91,3.24,48.0,4.27
lenovo,364,20.5,1.01,2025-08-27,2025-11-25,91,4.58,140.0,4.0
3125e92,321,20.49,1.01,2025-08-27,2025-11-25,76,1.9,14.0,4.22
ipsy-beauty,240,17.89,0.88,2025-08-27,2025-11-12,12,2.92,73.0,20.0
gorewear,705,17.66,0.88,2025-08-27,2025-11-25,91,2.92,78.0,7.75
frenchtoast,582,15.99,0.79,2025-08-27,2025-11-25,91,1.76,62.0,6.4
toryburch,328,15.73,0.78,2025-08-27,2025-11-25,91,4.39,41.0,3.6
vowdweddings,364,15.76,0.78,2025-08-27,2025-11-25,91,5.09,144.0,4.0
seasaltcornwall,441,15.55,0.77,2025-08-27,2025-11-25,90,4.32,108.0,4.9
okl,423,15.64,0.77,2025-08-27,2025-11-25,91,1.41,49.0,4.65
fd1808f,1213,15.53,0.77,2025-08-27,2025-11-25,91,1.64,21.0,13.33
6772a80,64,15.01,0.74,2025-09-02,2025-11-24,16,9.86,17.0,4.0
belk,874,14.56,0.72,2025-08-27,2025-11-25,91,1.78,67.0,9.6
ariat,300,13.92,0.69,2025-08-27,2025-11-25,91,2.3,44.0,3.3
lovesac,149,13.97,0.69,2025-08-27,2025-11-19,4,3.38,149.0,37.25
cabelas,376,13.64,0.67,2025-09-03,2025-11-25,80,1.38,15.0,4.7
footlocker,382,13.62,0.67,2025-08-27,2025-11-25,91,2.26,35.0,4.2
661a87b,93,13.21,0.65,2025-10-07,2025-10-21,4,3.4,12.0,23.25
esteelauder,1582,13.18,0.65,2025-08-27,2025-11-25,44,1.58,54.0,35.95
landsendoutfitters,2159,13.25,0.65,2025-08-27,2025-11-25,91,1.05,77.0,23.73
rodanandfieldsrecycling,61,13.0,0.64,2025-08-27,2025-11-24,44,6.59,59.0,1.39
columbia1,481,12.75,0.63,2025-08-27,2025-11-25,91,2.43,50.0,5.29
carhartt,924,12.34,0.61,2025-08-27,2025-11-25,91,1.34,40.0,10.15
01ed76c,43,11.75,0.58,2025-10-07,2025-10-22,3,4.65,79.0,14.33
goreweareu,380,11.51,0.56,2025-08-27,2025-11-25,91,2.79,82.0,4.18
cd468ea,24,11.09,0.55,2025-10-27,2025-10-27,1,5.71,60.0,24.0
rw-co,54,10.36,0.51,2025-09-01,2025-11-24,13,18.59,58.0,4.15
06a71fa,92,10.21,0.5,2025-08-27,2025-11-25,91,4.91,15.0,1.01
nobullproject,685,9.96,0.49,2025-08-27,2025-11-25,91,1.86,30.0,7.53
9371040,1118,9.45,0.47,2025-08-28,2025-11-25,44,1.47,83.0,25.41
maurices,275,9.31,0.46,2025-08-27,2025-11-25,91,1.58,59.0,3.02
champssports,623,9.11,0.45,2025-08-27,2025-11-25,91,4.04,256.0,6.85
naturallife,449,8.96,0.44,2025-08-27,2025-11-25,91,2.46,26.0,4.93
patagonia,830,8.6,0.43,2025-08-27,2025-11-25,91,1.51,56.0,9.12
arula,146,8.71,0.43,2025-08-27,2025-11-25,57,4.34,20.0,2.56
d90fa53,214,8.68,0.43,2025-08-27,2025-11-24,27,3.38,65.0,7.93
dockers,199,8.33,0.41,2025-08-27,2025-11-25,91,2.71,24.0,2.19
fabletics,396,8.25,0.41,2025-08-27,2025-11-25,91,1.44,14.0,4.35
paulaschoice,1015,7.98,0.4,2025-08-27,2025-11-25,91,1.9,71.0,11.15
fd0158c,150,8.14,0.4,2025-08-27,2025-11-25,63,1.91,11.0,2.38
jdsports-emea,396,8.17,0.4,2025-10-02,2025-11-25,10,2.27,43.0,39.6
dxengineering,356,8.05,0.39,2025-08-27,2025-11-25,91,2.4,85.0,3.91
kay,85,7.86,0.39,2025-08-27,2025-11-24,36,5.58,47.0,2.36
45576c0,339,7.69,0.38,2025-08-27,2025-11-25,27,2.54,37.0,12.56
0affb06,109,7.71,0.38,2025-09-08,2025-11-25,15,14.5,226.0,7.27
buckle,189,7.74,0.38,2025-09-01,2025-11-24,25,3.81,62.0,7.56
tory-burch,218,7.35,0.36,2025-08-27,2025-11-25,91,3.43,27.0,2.4
bergdorfgoodman,405,7.05,0.35,2025-08-27,2025-11-25,91,2.66,25.0,4.45
99f7a64,10919,6.94,0.34,2025-08-27,2025-11-25,91,0.19,74.0,119.99
francescas2,239,6.65,0.33,2025-08-27,2025-11-25,91,3.9,20.0,2.63
duluthtrading,280,6.48,0.32,2025-08-27,2025-11-25,52,1.94,14.0,5.38
sephora,509,6.43,0.32,2025-08-27,2025-11-25,91,2.37,76.0,5.59
crewclothing,1717,6.39,0.32,2025-08-27,2025-11-25,91,1.76,194.0,18.87
pokemoncenter,171,6.33,0.31,2025-08-29,2025-11-03,10,2.11,8.0,17.1
diabetesshop,172,6.11,0.31,2025-08-27,2025-11-24,13,3.28,62.0,13.23
2da9a8e,10919,6.31,0.31,2025-08-27,2025-11-25,91,0.13,98.0,119.99
tractorsupply,133,6.23,0.31,2025-08-28,2025-11-24,9,2.01,19.0,14.78
1bddd69,169,6.22,0.31,2025-09-02,2025-11-19,4,2.78,65.0,42.25
94a5421,10915,6.06,0.3,2025-08-27,2025-11-25,91,0.14,56.0,119.95
b48abf8,364,6.11,0.3,2025-08-27,2025-11-25,91,2.08,12.0,4.0
42de1f0,10918,6.13,0.3,2025-08-27,2025-11-25,91,0.14,109.0,119.98
basspro,423,6.07,0.3,2025-08-27,2025-11-25,91,0.97,44.0,4.65
sallybeauty,205,6.0,0.3,2025-08-27,2025-11-25,91,3.54,177.0,2.25
horizn-studios,179,5.77,0.29,2025-08-27,2025-11-25,91,2.33,84.0,1.97
parfumschristiandior,343,5.84,0.29,2025-08-27,2025-11-25,91,2.12,34.0,3.77
arcteryx,279,5.97,0.29,2025-09-02,2025-11-25,14,2.65,95.0,19.93
fivebelow,892,5.75,0.29,2025-08-27,2025-11-25,42,1.72,35.0,21.24
careismaticbrands,1159,5.87,0.29,2025-09-01,2025-11-24,12,1.16,69.0,96.58
logitech,665,5.82,0.28,2025-08-27,2025-11-25,91,1.3,35.0,7.31
bjs,1736,5.65,0.28,2025-08-27,2025-11-25,72,1.56,135.0,24.11
outletasics,174,5.63,0.28,2025-09-04,2025-10-20,3,2.37,34.0,58.0
diptyque,386,5.67,0.28,2025-08-27,2025-11-25,91,1.95,28.0,4.24
clear field,15,5.4,0.27,2025-09-09,2025-09-09,1,10.67,16.0,15.0
trescolori,103,5.45,0.27,2025-09-12,2025-11-25,31,2.66,20.0,3.32
burberry,443,5.22,0.26,2025-08-27,2025-11-25,91,1.72,18.0,4.87
5ec2e6d,917,5.36,0.26,2025-08-27,2025-11-25,24,1.19,23.0,38.21
5f7e2f0,10915,5.17,0.26,2025-08-27,2025-11-25,91,0.12,32.0,119.95
39d0a42,273,5.33,0.26,2025-08-27,2025-11-24,16,2.75,137.0,17.06
f9d80c0,377,5.24,0.26,2025-09-15,2025-11-12,8,1.73,180.0,47.12
taylormade,631,5.34,0.26,2025-08-27,2025-11-25,91,1.44,25.0,6.93
panerai,2913,5.19,0.26,2025-08-27,2025-11-25,91,1.4,82.0,32.01
365f418,10915,5.26,0.26,2025-08-27,2025-11-25,91,0.13,22.0,119.95
eddiebauer,649,5.3,0.26,2025-09-02,2025-11-24,21,1.46,13.0,30.9
off5th,283,5.03,0.25,2025-08-27,2025-11-24,88,2.36,52.0,3.22
astrogaming,8953,5.16,0.25,2025-08-27,2025-11-25,91,0.4,22.0,98.38
7bffba5,10914,5.07,0.25,2025-08-27,2025-11-25,91,0.16,114.0,119.93
michaelkors2,335,5.14,0.25,2025-08-27,2025-11-25,91,2.84,56.0,3.68
alexisbittar,8736,5.03,0.25,2025-08-27,2025-11-25,91,0.24,129.0,96.0
clarks,561,4.86,0.24,2025-09-01,2025-11-25,24,1.37,90.0,23.38
brilliantearth,1744,4.94,0.24,2025-08-27,2025-11-25,91,0.7,54.0,19.16
johnston-murphy,265,4.96,0.24,2025-08-27,2025-11-25,91,3.09,32.0,2.91
4b91c7d,243,4.78,0.24,2025-10-20,2025-11-25,24,2.51,29.0,10.12
dickieslife,306,5.01,0.24,2025-09-02,2025-11-25,20,2.1,121.0,15.3
drmartens,228,4.78,0.24,2025-08-29,2025-11-25,4,4.05,17.0,57.0
tiffany,124,4.72,0.23,2025-08-27,2025-11-04,14,2.83,49.0,8.86
columbia,132,4.57,0.23,2025-08-27,2025-11-25,91,4.91,47.0,1.45
210dc1f,16,4.7,0.23,2025-09-16,2025-11-21,4,16.75,126.0,4.0
annieselke,250,4.37,0.22,2025-08-27,2025-11-25,91,1.16,18.0,2.75
johnnywas,284,4.45,0.22,2025-08-27,2025-11-25,91,1.62,17.0,3.12
bathandbodyworks,347,4.46,0.22,2025-08-27,2025-11-25,91,4.46,368.0,3.81
74b0f98,449,4.47,0.22,2025-09-01,2025-11-19,15,1.53,87.0,29.93
5932483,619,4.23,0.21,2025-10-06,2025-11-18,4,1.06,11.0,154.75
lululemon-intl,487,4.22,0.21,2025-08-27,2025-11-25,91,0.93,14.0,5.35
fentybeauty,226,4.34,0.21,2025-08-27,2025-10-29,5,2.48,18.0,45.2
jtv,341,4.13,0.21,2025-09-11,2025-11-24,15,2.0,61.0,22.73
balibras,286,4.24,0.21,2025-08-27,2025-11-25,91,2.59,37.0,3.14
3c191e7,175,4.03,0.2,2025-09-22,2025-11-17,2,2.62,15.0,87.5
rei,2146,4.07,0.2,2025-08-27,2025-11-25,91,0.39,23.0,23.58
mountainhardwear1,91,3.95,0.2,2025-08-27,2025-11-25,91,5.54,46.0,1.0
ebf3869,212,4.14,0.2,2025-09-02,2025-11-07,6,1.58,89.0,35.33
dcc4e58,6552,4.1,0.2,2025-08-27,2025-11-25,91,0.23,517.0,72.0
altardstatesimplereturns,413,3.98,0.2,2025-08-28,2025-11-25,86,1.01,35.0,4.8
sorel1,91,3.97,0.2,2025-08-27,2025-11-25,91,6.38,49.0,1.0
38e19d4,240,3.81,0.19,2025-09-23,2025-10-23,6,1.85,9.0,40.0
baseballmonkey,285,3.84,0.19,2025-08-27,2025-11-25,91,1.67,42.0,3.13
dbc0abf,507,3.81,0.19,2025-09-15,2025-11-25,10,1.29,20.0,50.7
clinique,701,3.96,0.19,2025-08-27,2025-11-21,40,1.18,134.0,17.52
blundstoneusa,572,3.82,0.19,2025-08-27,2025-11-24,27,1.22,15.0,21.19
forhims,42,3.63,0.18,2025-09-08,2025-11-18,2,3.04,10.0,21.0
asrevival,81,3.72,0.18,2025-08-27,2025-11-25,58,1.52,10.0,1.4
3605c25,152,3.61,0.18,2025-09-24,2025-11-20,7,1.65,9.0,21.71
29639d0,84,3.69,0.18,2025-08-28,2025-08-28,1,6.01,115.0,84.0
60c6aba,1037,3.73,0.18,2025-09-03,2025-11-25,13,1.29,30.0,79.77
ashleystewart,81,3.67,0.18,2025-08-27,2025-11-24,29,4.59,35.0,2.79
buybuybaby,2,3.36,0.17,2025-09-03,2025-09-12,2,36.0,60.0,1.0
forever21,184,3.52,0.17,2025-08-27,2025-11-25,91,2.01,46.0,2.02
funko,1279,3.44,0.17,2025-10-03,2025-11-14,18,0.56,140.0,71.06
solostove,196,3.53,0.17,2025-08-27,2025-11-25,91,1.5,14.0,2.15
dyson,191,3.29,0.17,2025-08-27,2025-11-14,11,1.52,18.0,17.36
specialized,183,3.36,0.17,2025-09-01,2025-11-24,18,1.37,17.0,10.17
cummins,615,3.56,0.17,2025-08-31,2025-11-24,20,2.41,11.0,30.75
fahertybrand,399,3.46,0.17,2025-08-27,2025-11-25,87,3.21,110.0,4.59
stitchfix,137,3.24,0.16,2025-08-27,2025-11-25,91,1.2,14.0,1.51
katespade,340,3.12,0.16,2025-08-27,2025-11-25,91,1.6,23.0,3.74
9b0c9a8,103,3.3,0.16,2025-09-30,2025-11-25,32,2.48,14.0,3.22
marriott-premium,512,3.31,0.16,2025-08-27,2025-11-24,15,0.97,33.0,34.13
lenskart,709,3.09,0.16,2025-08-27,2025-11-25,91,1.12,150.0,7.79
razer,132,3.24,0.16,2025-08-27,2025-11-25,91,2.64,17.0,1.45
595c62a,10913,3.15,0.16,2025-08-27,2025-11-25,91,0.12,118.0,119.92
nordictrack,210,2.96,0.15,2025-10-16,2025-11-25,41,1.73,94.0,5.12
oldnavy,65,3.17,0.15,2025-11-11,2025-11-17,2,0.67,3.0,32.5
jcrew,196,3.16,0.15,2025-08-27,2025-11-25,91,2.88,23.0,2.15
napapijri,349,3.04,0.15,2025-09-01,2025-11-25,21,1.59,12.0,16.62
carhartt-cg,112,2.96,0.15,2025-08-27,2025-11-25,91,1.98,22.0,1.23
petco,40,2.76,0.14,2025-09-01,2025-11-24,21,3.77,42.0,1.9
everlane,167,2.91,0.14,2025-09-11,2025-11-21,5,0.8,16.0,33.4
a775884,506,2.8,0.14,2025-08-28,2025-11-24,19,2.83,815.0,26.63
legionathletics,728,2.81,0.14,2025-08-27,2025-11-25,91,1.75,17.0,8.0
amsoil,92,2.8,0.14,2025-08-29,2025-11-25,24,3.14,15.0,3.83
jolyn,175,2.82,0.14,2025-09-18,2025-10-10,8,1.22,10.0,21.88
anntaylor,229,2.77,0.14,2025-08-27,2025-11-25,91,1.7,49.0,2.52
cb2,694,2.84,0.14,2025-08-27,2025-11-25,91,0.99,23.0,7.63
4029105,144,2.88,0.14,2025-09-13,2025-09-15,2,1.99,29.0,72.0
dd2e1ee,177,2.92,0.14,2025-09-19,2025-11-25,7,2.15,33.0,25.29
eightsleep,820,2.64,0.13,2025-08-27,2025-11-25,91,1.33,32.0,9.01
08a4d44,758,2.67,0.13,2025-09-03,2025-11-24,15,0.68,6.0,50.53
jbl,124,2.61,0.13,2025-09-23,2025-10-30,7,1.16,12.0,17.71
katespadeeurope,193,2.51,0.13,2025-09-15,2025-11-25,3,1.86,11.0,64.33
428893c,420,2.54,0.13,2025-09-08,2025-11-06,5,1.78,14.0,84.0
harryrosen,473,2.61,0.13,2025-08-27,2025-11-25,91,0.94,13.0,5.2
firstlite,104,2.68,0.13,2025-08-27,2025-11-25,91,1.88,11.0,1.14
imperialsports,133,2.71,0.13,2025-08-27,2025-11-03,67,1.74,23.0,1.99
suncloudoptics,13,2.57,0.13,2025-09-01,2025-11-24,13,6.31,30.0,1.0
isagenix,209,2.56,0.13,2025-09-01,2025-11-24,12,1.22,6.0,17.42
johnhardy,1603,2.75,0.13,2025-08-27,2025-11-25,91,0.91,26.0,17.62
michaelkors,300,2.46,0.13,2025-08-27,2025-11-25,91,2.82,176.0,3.3
brownells,520,2.3,0.12,2025-08-27,2025-11-25,91,4.15,632.0,5.71
destinationxl,372,2.4,0.12,2025-10-14,2025-11-07,7,2.72,12.0,53.14
d108719,63,2.4,0.12,2025-10-17,2025-10-29,2,9.35,110.0,31.5
c35f2ac,529,2.38,0.12,2025-08-27,2025-11-24,16,1.05,10.0,33.06
ohpolly,218,2.35,0.12,2025-08-27,2025-11-05,10,1.47,13.0,21.8
cecil,23,2.33,0.12,2025-09-01,2025-11-25,16,1.65,16.0,1.44
bissell,276,2.43,0.12,2025-08-27,2025-11-25,91,1.27,8.0,3.03
foodsaver,78,2.43,0.12,2025-09-02,2025-11-25,34,1.96,16.0,2.29
lee,26,2.27,0.12,2025-09-01,2025-11-24,13,5.92,28.0,2.0
calphalon,88,2.16,0.11,2025-09-02,2025-11-25,34,2.84,29.0,2.59
jjill,34,2.2,0.11,2025-08-27,2025-09-29,34,5.85,50.0,1.0
crackerbarrel,841,2.33,0.11,2025-08-28,2025-11-25,48,1.19,24.0,17.52
hannaandersson,172,2.19,0.11,2025-08-27,2025-11-25,91,3.3,88.0,1.89
hottopic,117,2.3,0.11,2025-09-02,2025-11-25,13,5.77,34.0,9.0
6325dc1,110,2.19,0.11,2025-10-21,2025-11-10,4,1.56,4.0,27.5
mscdirect,187,2.18,0.11,2025-09-01,2025-11-24,15,4.07,283.0,12.47
mikhail-test,4367,2.17,0.11,2025-08-27,2025-11-25,91,0.12,18.0,47.99
yamazakihome,18,2.16,0.11,2025-09-16,2025-11-20,9,3.33,28.0,2.0
pura,338,2.25,0.11,2025-09-01,2025-11-24,13,1.88,119.0,26.0
victoriabeckhamuk,19,2.3,0.11,2025-09-01,2025-11-24,15,1.47,9.0,1.27
181e521,434,2.28,0.11,2025-08-27,2025-11-25,91,1.24,8.0,4.77
merrell,239,1.97,0.1,2025-08-27,2025-11-25,91,1.67,27.0,2.63
dcbb1af,6601,2.09,0.1,2025-08-27,2025-11-25,91,0.21,66.0,72.54
94036e7,191,2.03,0.1,2025-08-29,2025-10-22,7,1.4,7.0,27.29
balsamhill,216,2.17,0.1,2025-09-09,2025-11-19,7,1.16,7.0,30.86
titlenine,92,2.13,0.1,2025-08-27,2025-11-25,91,3.91,101.0,1.01
versace,149,1.93,0.1,2025-08-27,2025-11-25,91,3.32,21.0,1.64
coach-eu,261,2.11,0.1,2025-08-27,2025-11-25,13,1.69,6.0,20.08
rei-co-op,1012,2.04,0.1,2025-08-27,2025-11-25,91,0.56,42.0,11.12
josbank,107,2.05,0.1,2025-08-27,2025-11-25,91,3.94,28.0,1.18
madisonreed,338,1.99,0.1,2025-09-01,2025-11-24,13,0.96,18.0,26.0
lauraorderstatus,65,1.96,0.1,2025-09-01,2025-11-24,13,2.43,6.0,5.0
louisvuitton,123,1.97,0.1,2025-09-09,2025-10-22,5,3.38,37.0,24.6
thriftbooks,118,1.95,0.1,2025-08-27,2025-11-25,90,1.69,43.0,1.31
logitechg,214,2.11,0.1,2025-08-27,2025-11-25,91,1.24,19.0,2.35
outerknown,1095,1.99,0.1,2025-08-27,2025-11-25,91,2.31,34.0,12.03
bookshop,169,1.95,0.1,2025-09-23,2025-11-24,7,1.91,17.0,24.14
87cbdd6,6559,1.75,0.09,2025-08-27,2025-11-25,91,0.25,50.0,72.08
soldejaneiro,61,1.8,0.09,2025-09-17,2025-11-24,4,2.11,14.0,15.25
altrarunning,175,1.74,0.09,2025-09-08,2025-11-20,5,1.49,7.0,35.0
aveda,319,1.91,0.09,2025-08-27,2025-11-25,91,1.34,34.0,3.51
jmbullion,447,1.93,0.09,2025-08-27,2025-11-25,91,1.57,75.0,4.91
goldwin,721,1.83,0.09,2025-08-27,2025-11-25,91,0.47,16.0,7.92
zimmermann,345,1.76,0.09,2025-08-30,2025-11-23,35,0.7,8.0,9.86
victorinox,67,1.91,0.09,2025-10-17,2025-10-17,1,1.39,8.0,67.0
aritzia,47,1.61,0.08,2025-09-04,2025-11-19,6,2.38,18.0,7.83
partstown,290,1.57,0.08,2025-08-27,2025-11-25,91,1.77,17.0,3.19
4e3bac3,432,1.71,0.08,2025-09-01,2025-11-24,15,0.91,21.0,28.8
laithwaiteswine,338,1.46,0.08,2025-09-01,2025-11-24,8,1.27,37.0,42.25
wsjwine,173,1.61,0.08,2025-09-01,2025-11-24,13,2.42,65.0,13.31
thenorthface,156,1.7,0.08,2025-08-27,2025-11-25,91,2.22,17.0,1.71
purple,208,1.63,0.08,2025-09-01,2025-11-24,17,1.53,15.0,12.24
carhartt-wip,222,1.57,0.08,2025-09-01,2025-11-25,17,1.24,17.0,13.06
dickies,168,1.69,0.08,2025-09-15,2025-11-12,6,1.38,18.0,28.0
colehaan,417,1.48,0.08,2025-08-27,2025-11-25,91,1.02,17.0,4.58
d9f3243,144,1.72,0.08,2025-09-10,2025-10-29,3,2.38,16.0,48.0
melanielyneorderstatus,65,1.68,0.08,2025-09-01,2025-11-24,13,1.52,5.0,5.0
henryschein-medical,225,1.59,0.08,2025-08-27,2025-11-25,91,1.52,22.0,2.47
verabradley,73,1.56,0.08,2025-08-28,2025-11-11,19,1.12,8.0,3.84
ring,137,1.66,0.08,2025-08-27,2025-11-25,65,1.86,33.0,2.11
simpson,88,1.69,0.08,2025-08-27,2025-11-25,88,2.07,30.0,1.0
itcosmetics,518,1.66,0.08,2025-10-14,2025-10-16,2,1.3,16.0,259.0
82831a1,127,1.5,0.07,2025-11-07,2025-11-15,5,1.87,33.0,25.4
88965d2,1,1.37,0.07,2025-09-15,2025-09-15,1,10.0,10.0,1.0
fossil,14,1.48,0.07,2025-10-14,2025-11-11,4,1.57,6.0,3.5
orvis,33,1.51,0.07,2025-09-17,2025-11-24,4,1.21,6.0,8.25
henryschein-specialmarkets,224,1.38,0.07,2025-08-27,2025-11-25,91,1.22,15.0,2.46
henryschein-dental,225,1.5,0.07,2025-08-27,2025-11-25,91,1.29,8.0,2.47
pandoraeu,37,1.46,0.07,2025-09-18,2025-10-29,2,4.43,11.0,18.5
shaklee,175,1.4,0.07,2025-09-02,2025-11-19,6,1.74,31.0,29.17
onepelotonapparel,485,1.48,0.07,2025-08-27,2025-11-25,91,0.73,11.0,5.33
nars,91,1.46,0.07,2025-09-11,2025-11-24,3,0.84,9.0,30.33
stanley1913,210,1.34,0.07,2025-08-27,2025-11-25,91,1.0,6.0,2.31
tatacliq,92,1.32,0.07,2025-08-27,2025-11-25,91,1.76,7.0,1.01
cartierus,379,1.36,0.07,2025-09-05,2025-11-23,12,1.29,15.0,31.58
b5c70c3,43,1.36,0.07,2025-08-28,2025-10-15,3,2.37,6.0,14.33
tgw,158,1.36,0.07,2025-09-01,2025-11-25,27,1.66,18.0,5.85
3de6dc0,242,1.4,0.07,2025-09-29,2025-11-21,4,2.21,84.0,60.5
torrid,273,1.44,0.07,2025-08-27,2025-11-25,91,1.34,16.0,3.0
davidyurman,202,1.35,0.07,2025-08-27,2025-11-25,91,1.34,50.0,2.22
30099c4,8,1.45,0.07,2025-09-29,2025-09-30,2,4.25,6.0,4.0
olaplex,292,1.58,0.07,2025-08-28,2025-10-01,4,2.72,16.0,73.0
blundstone,246,1.28,0.07,2025-09-23,2025-11-25,64,0.86,12.0,3.84
womensbest,98,1.34,0.07,2025-08-27,2025-11-25,91,1.91,18.0,1.08
vancleefarpels,452,1.35,0.07,2025-08-27,2025-11-25,91,1.33,28.0,4.97
coyuchi,92,1.17,0.06,2025-08-27,2025-11-25,91,2.49,25.0,1.01
victoriassecret,217,1.19,0.06,2025-08-27,2025-11-25,91,3.0,137.0,2.38
violetgrey,65,1.13,0.06,2025-11-19,2025-11-19,1,2.28,21.0,65.0
underarmour,16,1.29,0.06,2025-08-28,2025-11-25,15,4.94,17.0,1.07
eastpak-warranty,116,1.24,0.06,2025-10-23,2025-11-21,4,1.47,12.0,29.0
vans,88,1.27,0.06,2025-09-01,2025-11-24,15,1.61,12.0,5.87
eileenfisher,184,1.21,0.06,2025-08-27,2025-11-25,91,2.54,43.0,2.02
dbsupply,71,1.23,0.06,2025-08-27,2025-11-18,69,1.13,5.0,1.03
lauramercieruk,39,1.22,0.06,2025-10-23,2025-10-24,2,1.28,6.0,19.5
pinklily,21,1.18,0.06,2025-08-27,2025-11-18,6,2.24,8.0,3.5
ci,213,1.25,0.06,2025-08-27,2025-11-25,91,1.5,26.0,2.34
cigars,204,1.17,0.06,2025-08-27,2025-11-25,91,1.38,34.0,2.24
baublebar,23,1.05,0.06,2025-09-05,2025-09-26,4,5.32,16.0,5.75
neimanmarcus,319,1.28,0.06,2025-08-27,2025-11-25,91,1.09,14.0,3.51
maruccisports,35,1.29,0.06,2025-08-28,2025-10-03,5,4.4,20.0,7.0
movado,91,1.2,0.06,2025-08-27,2025-11-25,91,1.71,17.0,1.0
jdsports,278,1.08,0.06,2025-08-27,2025-11-25,91,1.03,42.0,3.05
backcountry,6,1.28,0.06,2025-09-11,2025-11-04,3,3.33,5.0,2.0
gracobaby,114,1.23,0.06,2025-09-02,2025-11-25,34,2.83,19.0,3.35
athleta,18,1.15,0.06,2025-11-11,2025-11-17,1,0.41,4.0,18.0
boostmobile,588,1.19,0.06,2025-08-27,2025-11-25,91,1.5,60.0,6.46
nike-dotswoosh,523,1.22,0.06,2025-09-12,2025-11-25,7,0.72,25.0,74.71
centerwellspecialtypharmacy,101,1.11,0.06,2025-09-15,2025-11-18,4,1.7,9.0,25.25
babyjogger,179,1.01,0.05,2025-08-27,2025-11-25,91,2.33,11.0,1.97
tigerofsweden,225,1.03,0.05,2025-08-27,2025-11-25,88,1.05,11.0,2.56
microsoft,119,1.01,0.05,2025-09-02,2025-11-02,4,1.28,7.0,29.75
thompson,94,0.94,0.05,2025-08-27,2025-11-25,91,2.4,24.0,1.03
carters,128,1.09,0.05,2025-09-05,2025-11-24,10,1.5,7.0,12.8
ulta,2,1.04,0.05,2025-09-25,2025-10-08,2,8.5,17.0,1.0
bananarepublic,49,1.01,0.05,2025-09-03,2025-11-17,19,1.51,16.0,2.58
pipesandcigars,94,0.97,0.05,2025-08-27,2025-11-25,91,2.7,24.0,1.03
banter,15,1.0,0.05,2025-09-01,2025-11-01,4,2.73,6.0,3.75
291e4e1,75,1.11,0.05,2025-10-10,2025-10-20,3,1.27,4.0,25.0
meierdutch,94,0.93,0.05,2025-08-27,2025-11-25,91,2.38,26.0,1.03
e45d7aa,56,0.92,0.05,2025-10-13,2025-10-15,2,2.02,12.0,28.0
marcjacobs,259,0.92,0.05,2025-08-27,2025-11-25,91,1.02,15.0,2.85
warbyparker,7,0.98,0.05,2025-09-01,2025-11-01,7,3.71,10.0,1.0
kipling,172,0.99,0.05,2025-08-28,2025-11-25,15,1.4,8.0,11.47
worx,192,1.02,0.05,2025-08-27,2025-11-25,91,0.47,10.0,2.11
brooksbrothers,87,1.08,0.05,2025-09-03,2025-10-27,6,0.65,6.0,14.5
directsupply,28,0.92,0.05,2025-10-17,2025-10-17,1,2.14,10.0,28.0
bobbibrown,255,0.85,0.05,2025-08-27,2025-11-25,91,0.93,15.0,2.8
doterra,104,1.0,0.05,2025-08-27,2025-11-25,91,1.18,10.0,1.14
iwcschaffhausen,535,0.88,0.05,2025-08-27,2025-11-25,25,0.62,6.0,21.4
famoussmokeshop,41,1.09,0.05,2025-08-29,2025-08-29,1,0.9,4.0,41.0
stuartweitzman,168,1.02,0.05,2025-08-27,2025-11-25,91,1.4,21.0,1.85
omahasteakswine,156,1.04,0.05,2025-09-01,2025-11-24,12,2.62,49.0,13.0
adi,47,1.16,0.05,2025-09-01,2025-11-01,3,6.36,85.0,15.67
glossier,25,0.98,0.05,2025-08-27,2025-11-14,4,2.16,11.0,6.25
rapha,50,1.09,0.05,2025-09-01,2025-11-24,17,2.58,21.0,2.94
harmankardon,38,1.0,0.05,2025-09-22,2025-09-30,2,0.98,4.0,19.0
cigora,94,0.95,0.05,2025-08-27,2025-11-25,91,2.03,24.0,1.03
cigarbid,94,0.97,0.05,2025-08-27,2025-11-25,91,2.38,26.0,1.03
fredperry,353,1.1,0.05,2025-08-27,2025-11-25,91,1.06,17.0,3.88
particleformen,318,0.93,0.05,2025-09-24,2025-11-25,10,0.97,36.0,31.8
nydj,81,1.06,0.05,2025-08-29,2025-11-21,14,2.51,20.0,5.79
rona,40,0.94,0.05,2025-10-10,2025-11-25,2,2.22,15.0,20.0
hunterdouglas,53,1.02,0.05,2025-09-26,2025-09-26,1,1.58,4.0,53.0
skims,85,0.92,0.05,2025-11-24,2025-11-24,1,1.21,18.0,85.0
crateandbarrel,426,1.0,0.05,2025-08-27,2025-11-25,91,0.97,12.0,4.68
baseballsavings,155,1.0,0.05,2025-09-01,2025-11-25,25,1.74,18.0,6.2
cellucor,32,0.96,0.05,2025-10-14,2025-11-05,4,1.97,8.0,8.0
samelosangeles,10,0.77,0.04,2025-08-27,2025-09-22,3,2.3,9.0,3.33
onitsukatiger,170,0.75,0.04,2025-08-31,2025-11-23,14,0.78,4.0,12.14
narscosmetics,56,0.86,0.04,2025-09-01,2025-11-24,15,0.98,7.0,3.73
pendleton,52,0.8,0.04,2025-09-01,2025-11-01,8,0.6,6.0,6.5
thenorthfacenora,42,0.85,0.04,2025-09-01,2025-11-24,17,2.55,14.0,2.47
puma,28,0.75,0.04,2025-09-01,2025-11-24,19,2.0,4.0,1.47
garmin-dealer,89,0.67,0.04,2025-09-05,2025-11-11,2,3.64,13.0,44.5
jensonusa,126,0.7,0.04,2025-08-28,2025-11-20,13,2.2,18.0,9.69
gamestop,199,0.75,0.04,2025-08-27,2025-11-25,91,0.77,15.0,2.19
kidsfootlocker,31,0.8,0.04,2025-09-01,2025-11-24,14,3.12,13.0,2.21
roadrunnersports,296,0.73,0.04,2025-08-27,2025-11-25,91,0.54,13.0,3.25
keds,140,0.77,0.04,2025-09-02,2025-11-24,13,1.03,13.0,10.77
victussports,31,0.72,0.04,2025-08-28,2025-08-28,1,1.39,7.0,31.0
marinelayer,991,0.75,0.04,2025-08-27,2025-11-25,41,0.27,9.0,24.17
marketlab,473,0.87,0.04,2025-08-27,2025-11-20,2,0.97,7.0,236.5
shiseido,52,0.78,0.04,2025-09-01,2025-11-24,14,1.15,7.0,3.71
titan,65,0.83,0.04,2025-11-19,2025-11-19,1,1.55,7.0,65.0
matouk,284,0.82,0.04,2025-08-27,2025-11-25,91,0.81,17.0,3.12
namawell,116,0.88,0.04,2025-09-09,2025-11-24,4,1.16,9.0,29.0
merlenorman,199,0.78,0.04,2025-08-27,2025-11-25,91,0.79,10.0,2.19
jrcigars,127,0.78,0.04,2025-08-27,2025-11-25,91,1.14,18.0,1.4
signaturehardware,94,0.88,0.04,2025-08-27,2025-11-25,91,1.49,12.0,1.03
journeys,16,0.78,0.04,2025-10-02,2025-11-25,2,2.0,6.0,8.0
uniformadvantage,103,0.86,0.04,2025-08-27,2025-11-25,88,3.1,87.0,1.17
hellyhansen,170,0.85,0.04,2025-09-03,2025-11-24,6,1.6,12.0,28.33
dolcevita,23,0.78,0.04,2025-09-18,2025-09-26,1,2.1,6.0,23.0
fleetfeet,91,0.85,0.04,2025-09-30,2025-11-20,2,1.18,8.0,45.5
zyn,91,0.82,0.04,2025-08-27,2025-11-25,91,1.84,15.0,1.0
coleman,88,0.73,0.04,2025-09-02,2025-11-25,34,3.57,13.0,2.59
boxlunch,338,0.9,0.04,2025-09-02,2025-11-25,13,2.13,26.0,26.0
ca4la,164,0.78,0.04,2025-08-27,2025-11-25,91,0.75,11.0,1.8
brooksbrothers-au,55,0.73,0.04,2025-09-30,2025-11-03,5,0.87,10.0,11.0
cartier,124,0.86,0.04,2025-09-01,2025-11-25,6,2.08,19.0,20.67
bestbuycanada,24,0.88,0.04,2025-09-16,2025-10-22,3,3.42,19.0,8.0
b4bfae1,99,0.84,0.04,2025-10-01,2025-10-01,1,1.61,5.0,99.0
4e5d344,136,0.89,0.04,2025-09-05,2025-09-23,4,1.94,25.0,34.0
6e3972e,65,0.74,0.04,2025-09-01,2025-11-24,13,1.95,22.0,5.0
calif,388,0.75,0.04,2025-10-13,2025-11-22,8,0.75,7.0,48.5
62a2119,69,0.74,0.04,2025-09-16,2025-11-19,3,1.51,5.0,23.0
danner,312,0.74,0.04,2025-08-27,2025-11-25,91,0.78,17.0,3.43
aliceandolivia,330,0.92,0.04,2025-09-01,2025-11-24,30,1.07,7.0,11.0
1800flowers,96,0.87,0.04,2025-10-24,2025-10-29,3,1.15,13.0,32.0
vacheron-constantin,39,0.62,0.03,2025-09-30,2025-09-30,1,0.87,5.0,39.0
robertgraham,31,0.71,0.03,2025-09-08,2025-11-21,2,1.9,9.0,15.5
ro,73,0.57,0.03,2025-08-29,2025-11-21,16,2.32,10.0,4.56
d1d73d7,48,0.64,0.03,2025-10-29,2025-10-29,1,1.56,14.0,48.0
alange-soehne,41,0.68,0.03,2025-09-18,2025-09-30,2,1.34,5.0,20.5
icebreakernora,35,0.5,0.03,2025-09-16,2025-09-25,2,1.45,26.0,17.5
9c071e3,225,0.54,0.03,2025-08-27,2025-11-25,91,3.21,85.0,2.47
honeybakedonline,106,0.69,0.03,2025-09-11,2025-11-06,3,1.37,7.0,35.33
oneractive,34,0.7,0.03,2025-08-27,2025-11-25,31,2.26,9.0,1.1
kindthread,202,0.64,0.03,2025-09-03,2025-11-24,6,1.4,33.0,33.67
biohmhealth,39,0.61,0.03,2025-11-07,2025-11-21,2,1.51,7.0,19.5
rogerdubuis,39,0.61,0.03,2025-09-30,2025-09-30,1,1.18,6.0,39.0
childrensplace,1,0.63,0.03,2025-10-16,2025-10-16,1,13.0,13.0,1.0
fingerhut,187,0.56,0.03,2025-08-27,2025-11-25,91,0.78,9.0,2.05
finishline,154,0.68,0.03,2025-08-27,2025-11-25,91,0.84,5.0,1.69
mymms,28,0.59,0.03,2025-08-31,2025-11-24,15,3.57,35.0,1.87
timberland,50,0.61,0.03,2025-09-01,2025-11-24,14,1.26,11.0,3.57
ethelm,134,0.69,0.03,2025-09-01,2025-11-24,14,1.08,9.0,9.57
tile,16,0.61,0.03,2025-09-03,2025-09-09,2,1.69,6.0,8.0
thewebster,25,0.52,0.03,2025-09-01,2025-11-24,17,0.88,3.0,1.47
thepangaia,65,0.53,0.03,2025-09-01,2025-09-29,5,0.95,8.0,13.0
shoedazzle,3,0.53,0.03,2025-09-11,2025-09-11,1,5.67,9.0,3.0
northerntool,401,0.61,0.03,2025-08-27,2025-11-25,91,1.1,15.0,4.41
happyhead,48,0.44,0.03,2025-10-03,2025-11-17,4,1.68,33.0,12.0
sitkagear,194,0.6,0.03,2025-08-27,2025-11-25,91,0.56,4.0,2.13
coach-anz,80,0.68,0.03,2025-10-01,2025-11-14,3,1.29,12.0,26.67
sonos,3,0.57,0.03,2025-09-08,2025-10-26,2,4.33,7.0,1.5
glossieruk,91,0.68,0.03,2025-11-10,2025-11-14,2,0.7,7.0,45.5
baremineralsuk,26,0.59,0.03,2025-10-24,2025-10-24,1,1.58,5.0,26.0
hush,372,0.59,0.03,2025-08-27,2025-11-25,91,0.83,21.0,4.09
squareup,39,0.53,0.03,2025-09-01,2025-11-24,20,1.51,6.0,1.95
ysebeauty,32,0.66,0.03,2025-09-11,2025-09-26,3,2.22,11.0,10.67
katespade-au,82,0.56,0.03,2025-10-01,2025-11-14,3,0.87,7.0,27.33
e57b6c4,75,0.59,0.03,2025-09-01,2025-11-24,13,1.52,25.0,5.77
piaget,41,0.58,0.03,2025-09-18,2025-11-10,3,1.37,15.0,13.67
eastpak,91,0.78,0.03,2025-09-02,2025-11-25,13,1.19,11.0,7.0
marionparke,275,0.59,0.03,2025-08-27,2025-11-25,91,0.5,10.0,3.02
allheart,232,0.58,0.03,2025-08-27,2025-11-25,91,0.63,12.0,2.55
woom,19,0.6,0.03,2025-08-28,2025-11-14,13,2.11,4.0,1.46
bb80105,191,0.66,0.03,2025-10-17,2025-11-25,3,1.61,48.0,63.67
wrangler-au,19,0.53,0.03,2025-10-01,2025-10-15,2,1.32,5.0,9.5
petermillar,64,0.76,0.03,2025-08-27,2025-11-20,16,2.38,7.0,4.0
betseyjohnson,11,0.54,0.03,2025-09-18,2025-09-26,1,2.55,7.0,11.0
maisonette,14,0.69,0.03,2025-10-23,2025-11-19,7,2.0,7.0,2.0
drdennisgoss,26,0.56,0.03,2025-09-22,2025-11-24,2,0.85,6.0,13.0
jaeger-lecoultre,218,0.49,0.03,2025-09-08,2025-11-25,6,0.82,4.0,36.33
ergobaby,95,0.54,0.03,2025-08-27,2025-11-25,91,0.84,4.0,1.04
palmettostatearmory,111,0.59,0.03,2025-10-30,2025-11-21,4,1.1,20.0,27.75
nicandzoe,362,0.45,0.02,2025-08-27,2025-11-25,91,0.19,25.0,3.98
shopcgx,4,0.36,0.02,2025-10-03,2025-10-09,2,26.5,55.0,2.0
jwpepper,42,0.43,0.02,2025-10-28,2025-11-05,2,1.42,4.0,21.0
burtonsnowboards,36,0.34,0.02,2025-09-01,2025-11-01,3,1.86,10.0,12.0
norwex,15,0.42,0.02,2025-09-04,2025-10-23,3,2.2,9.0,5.0
shoecarnival,157,0.41,0.02,2025-09-01,2025-11-24,14,0.9,7.0,11.21
c790233,48,0.41,0.02,2025-11-15,2025-11-25,2,1.0,3.0,24.0
peoplesjewellers,9,0.47,0.02,2025-09-01,2025-11-01,3,2.11,4.0,3.0
petsmart,13,0.35,0.02,2025-10-30,2025-10-30,1,2.0,7.0,13.0
lensdirect,13,0.35,0.02,2025-11-21,2025-11-21,1,2.23,9.0,13.0
79f44f6,20,0.36,0.02,2025-10-13,2025-10-30,5,1.15,3.0,4.0
clearbags,180,0.4,0.02,2025-09-23,2025-11-12,3,0.97,19.0,60.0
hallwines,132,0.32,0.02,2025-09-03,2025-11-03,3,0.95,10.0,44.0
petflow,24,0.45,0.02,2025-09-09,2025-11-10,3,1.08,4.0,8.0
size-jdsports-emea,35,0.43,0.02,2025-10-09,2025-10-31,2,3.11,23.0,17.5
sharkninja,18,0.34,0.02,2025-10-09,2025-11-24,4,1.78,14.0,4.5
slumberkins,10,0.43,0.02,2025-09-19,2025-10-22,2,1.8,4.0,5.0
smartscrubs,8,0.42,0.02,2025-09-29,2025-10-14,3,1.5,4.0,2.67
smartwool,54,0.43,0.02,2025-08-31,2025-11-23,18,1.33,7.0,3.0
neutrogena-us,89,0.41,0.02,2025-10-06,2025-10-07,2,1.96,12.0,44.5
guus,147,0.41,0.02,2025-08-28,2025-11-25,39,1.16,19.0,3.77
rachelcomey,6,0.38,0.02,2025-10-03,2025-10-15,3,3.17,6.0,2.0
8238348,223,0.49,0.02,2025-09-03,2025-10-30,4,0.92,6.0,55.75
jcrewfactory,93,0.41,0.02,2025-08-27,2025-11-25,91,2.45,30.0,1.02
catfootwear,189,0.4,0.02,2025-08-27,2025-11-25,91,0.92,29.0,2.08
rangers,91,0.37,0.02,2025-08-27,2025-11-25,91,1.77,69.0,1.0
oobe,11,0.47,0.02,2025-08-28,2025-10-23,6,2.18,6.0,1.83
origins,128,0.31,0.02,2025-08-27,2025-11-12,41,1.28,8.0,3.12
aa611f6,106,0.39,0.02,2025-09-13,2025-09-13,1,0.75,15.0,106.0
icebreaker,40,0.33,0.02,2025-09-01,2025-11-24,14,0.63,3.0,2.86
jared,9,0.39,0.02,2025-09-01,2025-11-01,3,2.0,4.0,3.0
amwaymalaysia,39,0.4,0.02,2025-09-01,2025-11-01,3,2.26,20.0,13.0
lfc-emea,60,0.38,0.02,2025-08-27,2025-11-19,15,1.27,15.0,4.0
jaybirdsport,36,0.39,0.02,2025-09-02,2025-11-03,6,1.67,10.0,6.0
providentmetals,276,0.32,0.02,2025-08-27,2025-11-25,91,0.61,11.0,3.03
orvisreturn,273,0.43,0.02,2025-08-27,2025-11-25,91,0.91,9.0,3.0
kuiu,38,0.33,0.02,2025-09-17,2025-09-17,1,1.08,3.0,38.0
rodanandfields,29,0.43,0.02,2025-09-01,2025-11-24,13,1.69,8.0,2.23
amiri,17,0.49,0.02,2025-10-02,2025-10-30,2,2.65,13.0,8.5
americanblinds,1,0.36,0.02,2025-09-09,2025-09-09,1,64.0,64.0,1.0
prana,186,0.4,0.02,2025-08-27,2025-11-25,91,1.12,21.0,2.04
hockeymonkey,76,0.41,0.02,2025-09-01,2025-11-07,3,0.84,25.0,25.33
oldnavyca,77,0.37,0.02,2025-11-11,2025-11-11,1,1.45,7.0,77.0
hip-jdsports-emea,35,0.36,0.02,2025-10-09,2025-10-31,2,4.46,81.0,17.5
anthropologie,60,0.32,0.02,2025-08-29,2025-11-24,47,0.57,6.0,1.28
oklahomajoes,4,0.33,0.02,2025-10-21,2025-10-27,2,1.5,2.0,2.0
ohpollyus,161,0.35,0.02,2025-08-27,2025-10-07,9,1.13,14.0,17.89
academy,16,0.47,0.02,2025-08-27,2025-11-19,14,2.63,7.0,1.14
scholastic,37,0.45,0.02,2025-11-10,2025-11-10,1,2.54,9.0,37.0
scholasticinc,37,0.4,0.02,2025-11-10,2025-11-10,1,1.7,8.0,37.0
atechmotorsports,85,0.34,0.02,2025-08-27,2025-11-25,15,4.41,65.0,5.67
scholasticteachers,24,0.32,0.02,2025-11-10,2025-11-10,1,0.83,5.0,24.0
nutrabolt,14,0.36,0.02,2025-10-14,2025-11-05,2,2.14,8.0,7.0
beistravel,104,0.39,0.02,2025-09-09,2025-10-23,2,1.27,7.0,52.0
lifemd,4,0.36,0.02,2025-11-07,2025-11-07,1,6.0,9.0,4.0
baileyhats,94,0.37,0.02,2025-08-27,2025-11-25,91,0.52,9.0,1.03
gillette,21,0.37,0.02,2025-10-16,2025-10-16,1,1.9,5.0,21.0
fastrack,364,0.35,0.02,2025-08-27,2025-11-25,91,0.39,13.0,4.0
cvs,37,0.31,0.02,2025-08-27,2025-11-21,28,1.0,9.0,1.32
ultimateears,36,0.41,0.02,2025-09-02,2025-11-03,6,1.19,4.0,6.0
montblanc,204,0.51,0.02,2025-10-07,2025-11-25,6,1.51,13.0,34.0
marathon,5,0.45,0.02,2025-09-26,2025-11-24,2,1.6,2.0,2.5
watchstation,4,0.34,0.02,2025-11-10,2025-11-10,1,8.75,23.0,4.0
bananarepublicfactory,25,0.52,0.02,2025-11-11,2025-11-17,1,1.68,7.0,25.0
filson,27,0.48,0.02,2025-09-17,2025-11-19,2,2.07,7.0,13.5
blinds,37,0.47,0.02,2025-09-09,2025-09-09,1,1.16,4.0,37.0
definitivetechnology,86,0.34,0.02,2025-08-27,2025-11-13,79,0.92,9.0,1.09
musclerepublic,67,0.53,0.02,2025-09-10,2025-09-10,1,5.9,29.0,67.0
eb35cc2,45,0.35,0.02,2025-09-03,2025-11-05,2,1.56,5.0,22.5
menswearhouse,47,0.48,0.02,2025-09-01,2025-11-24,15,1.62,7.0,3.13
mackenziechilds,41,0.42,0.02,2025-09-01,2025-11-24,14,1.69,6.0,2.93
marantz,79,0.32,0.02,2025-08-27,2025-11-13,79,0.81,12.0,1.0
westmarine,9,0.38,0.02,2025-09-10,2025-11-05,4,4.89,18.0,2.25
17d41a1,185,0.33,0.02,2025-08-27,2025-11-25,91,1.46,8.0,2.03
24b6a7f,139,0.32,0.02,2025-09-05,2025-09-30,4,1.64,14.0,34.75
magnolia,22,0.34,0.02,2025-10-02,2025-10-22,2,2.48,11.0,11.0
eu-representclo,72,0.45,0.02,2025-09-04,2025-11-11,12,2.82,11.0,6.0
2877d10,10,0.42,0.02,2025-09-22,2025-10-28,2,1.5,3.0,5.0
vera bradley,13,0.42,0.02,2025-09-04,2025-09-04,1,1.69,6.0,13.0
f26155d,15,0.37,0.02,2025-09-03,2025-09-03,1,1.8,3.0,15.0
f3c34f1,93,0.47,0.02,2025-08-27,2025-11-03,5,1.31,5.0,18.6
madewell,104,0.43,0.02,2025-08-27,2025-11-25,91,1.65,15.0,1.14
elemis,325,0.46,0.02,2025-09-11,2025-11-18,4,0.9,21.0,81.25
f77f632,78,0.51,0.02,2025-09-01,2025-11-24,13,1.92,26.0,6.0
vansnora,50,0.39,0.02,2025-09-01,2025-11-24,18,1.66,13.0,2.78
1572425,101,0.39,0.02,2025-08-27,2025-11-25,89,0.75,3.0,1.13
2c40837,187,0.35,0.02,2025-08-29,2025-11-17,7,1.29,10.0,26.71
d2b6344,47,0.39,0.02,2025-10-31,2025-10-31,1,0.83,3.0,47.0
vince,192,0.5,0.02,2025-08-27,2025-11-25,91,1.32,62.0,2.11
easton,89,0.31,0.02,2025-08-27,2025-11-25,88,0.81,10.0,1.01
wolverine,107,0.37,0.02,2025-08-27,2025-11-25,91,0.81,18.0,1.18
4a932bf,24,0.43,0.02,2025-08-29,2025-08-29,1,2.67,6.0,24.0
mcgeeandco,182,0.39,0.02,2025-08-27,2025-11-25,91,0.74,43.0,2.0
nectarsleep,36,0.37,0.02,2025-10-28,2025-10-28,1,1.0,2.0,36.0
summitracing,68,0.36,0.02,2025-08-27,2025-11-25,42,1.04,7.0,1.62
dressageextensions,6,0.33,0.02,2025-09-17,2025-10-14,2,1.67,4.0,3.0
zales,9,0.42,0.02,2025-09-01,2025-11-01,3,2.11,7.0,3.0
liveunlimited,8,0.34,0.02,2025-10-08,2025-11-14,5,1.38,4.0,1.6
tadashishoji,12,0.42,0.02,2025-09-22,2025-11-20,6,1.08,3.0,2.0
yse,13,0.46,0.02,2025-09-16,2025-09-16,1,1.62,8.0,13.0
coldwatercreek,115,0.37,0.02,2025-08-27,2025-11-25,91,3.73,177.0,1.26
4d1c6b9,108,0.4,0.02,2025-09-25,2025-11-14,3,1.18,5.0,36.0
telemundo,182,0.36,0.02,2025-08-27,2025-11-25,91,0.95,24.0,2.0
xccj,18,0.34,0.02,2025-09-29,2025-11-03,2,3.56,30.0,9.0
loaf,38,0.39,0.02,2025-09-25,2025-09-25,1,1.98,3.0,38.0
denon,79,0.31,0.02,2025-08-27,2025-11-13,79,0.65,6.0,1.0
loft,107,0.48,0.02,2025-08-27,2025-11-25,91,1.29,10.0,1.18
francesvalentine,4,0.32,0.02,2025-10-03,2025-10-09,2,7.75,15.0,2.0
fortnumandmason,111,0.42,0.02,2025-08-29,2025-11-21,13,0.56,3.0,8.54
e092a9a,18,0.5,0.02,2025-09-25,2025-10-14,2,1.33,3.0,9.0
bluemicrophones,36,0.39,0.02,2025-09-02,2025-11-03,6,1.47,5.0,6.0
converse,39,0.42,0.02,2025-09-01,2025-11-01,3,11.87,50.0,13.0
tillys,95,0.4,0.02,2025-08-27,2025-11-25,91,0.81,4.0,1.04
thenorthface-anz,18,0.43,0.02,2025-09-10,2025-10-17,4,1.0,4.0,4.5
footpatrol-jdsports-emea,44,0.41,0.02,2025-10-02,2025-10-31,2,0.75,6.0,22.0
combat,3,0.37,0.02,2025-09-17,2025-09-17,1,3.0,5.0,3.0
nativecos,45,0.23,0.02,2025-09-02,2025-11-17,8,1.6,5.0,5.62
47brand,120,0.41,0.02,2025-09-16,2025-10-23,2,2.7,61.0,60.0
francescas,59,0.38,0.02,2025-09-03,2025-11-20,3,1.99,24.0,19.67
1stphorm,13,0.38,0.02,2025-11-21,2025-11-21,1,3.23,6.0,13.0
oscardelarenta,107,0.15,0.01,2025-08-27,2025-11-25,91,0.43,4.0,1.18
bb7aedf,7,0.2,0.01,2025-11-12,2025-11-20,2,2.86,8.0,3.5
megafitmeals,34,0.17,0.01,2025-09-25,2025-11-07,4,0.62,6.0,8.5
bcceace,37,0.24,0.01,2025-09-08,2025-10-28,2,1.14,11.0,18.5
orvisretailreturns,93,0.2,0.01,2025-08-27,2025-11-25,91,0.8,27.0,1.02
baume-et-mercier,32,0.15,0.01,2025-09-05,2025-09-18,1,0.82,3.0,32.0
paisly,91,0.18,0.01,2025-08-27,2025-11-25,91,0.86,7.0,1.0
millets,87,0.18,0.01,2025-09-09,2025-09-09,1,0.49,6.0,87.0
meundies,47,0.11,0.01,2025-08-27,2025-10-30,47,1.02,4.0,1.0
onlineshoes,104,0.13,0.01,2025-08-27,2025-11-25,91,0.37,3.0,1.14
b1f37ad,12,0.28,0.01,2025-09-26,2025-10-29,3,2.58,9.0,4.0
aesop,25,0.14,0.01,2025-08-29,2025-11-24,14,0.8,2.0,1.79
nbc,91,0.19,0.01,2025-08-27,2025-11-25,91,0.97,8.0,1.0
newtonbaby,185,0.11,0.01,2025-08-27,2025-11-25,91,0.77,13.0,2.03
nautica-au,13,0.16,0.01,2025-10-01,2025-10-01,1,0.92,4.0,13.0
avocadomattress,6,0.19,0.01,2025-10-09,2025-10-09,1,1.83,3.0,6.0
aveneusa,91,0.27,0.01,2025-08-27,2025-11-25,91,1.74,17.0,1.0
autozone,143,0.27,0.01,2025-09-01,2025-11-24,13,0.64,3.0,11.0
notchequipment,90,0.17,0.01,2025-08-27,2025-11-25,90,0.74,4.0,1.0
nuskintaiwan,169,0.24,0.01,2025-08-27,2025-11-25,91,0.59,5.0,1.86
nationalsports,84,0.11,0.01,2025-08-27,2025-11-18,84,0.61,7.0,1.0
b746178,47,0.29,0.01,2025-10-02,2025-11-06,2,1.68,6.0,23.5
babytula,5,0.29,0.01,2025-09-05,2025-10-02,3,2.4,3.0,1.67
myplenity,78,0.13,0.01,2025-08-29,2025-11-21,13,0.69,7.0,6.0
musiciansfriend,2,0.22,0.01,2025-10-17,2025-10-20,2,3.5,5.0,1.0
obagi,2,0.1,0.01,2025-10-20,2025-10-20,1,1.0,2.0,2.0
arcteryxoutlet,28,0.24,0.01,2025-11-21,2025-11-22,2,1.11,5.0,14.0
badbirdie,2,0.1,0.01,2025-09-18,2025-09-18,1,3.5,4.0,2.0
balsam,26,0.12,0.01,2025-09-23,2025-10-08,2,3.58,13.0,13.0
olehenriksen,15,0.21,0.01,2025-08-27,2025-09-23,2,1.4,5.0,7.5
omahasteaksshop,13,0.13,0.01,2025-09-01,2025-09-01,1,2.31,7.0,13.0
aninebing,6,0.26,0.01,2025-10-23,2025-11-12,3,6.0,10.0,2.0
onepelotonapparelca,104,0.23,0.01,2025-08-27,2025-11-25,91,0.56,7.0,1.14
onepelotonapparelgb,88,0.18,0.01,2025-08-27,2025-11-25,88,0.51,3.0,1.0
amorepacific,185,0.26,0.01,2025-08-27,2025-11-25,91,0.59,12.0,2.03
nbcny,91,0.19,0.01,2025-08-27,2025-11-25,91,1.26,31.0,1.0
dollskill,16,0.13,0.01,2025-09-12,2025-09-12,1,1.06,2.0,16.0
pawtree,17,0.12,0.01,2025-08-28,2025-08-28,1,1.18,2.0,17.0
timberlandna,12,0.16,0.01,2025-09-24,2025-09-25,2,0.33,1.0,6.0
34684d9,32,0.14,0.01,2025-10-15,2025-10-15,1,1.03,7.0,32.0
35fe803,87,0.17,0.01,2025-10-01,2025-10-01,1,0.37,6.0,87.0
torrid2,94,0.15,0.01,2025-08-27,2025-11-25,91,0.66,18.0,1.03
toofaced,91,0.21,0.01,2025-08-27,2025-11-25,91,0.8,7.0,1.0
tommybahama,96,0.2,0.01,2025-08-27,2025-11-25,91,0.88,16.0,1.05
tommy2,106,0.28,0.01,2025-08-27,2025-11-25,91,0.87,8.0,1.16
tommy,104,0.15,0.01,2025-08-27,2025-11-25,91,0.52,6.0,1.14
today,91,0.2,0.01,2025-08-27,2025-11-25,91,1.31,24.0,1.0
3ed3f50,87,0.14,0.01,2025-10-15,2025-10-15,1,0.28,3.0,87.0
465c7ae,95,0.14,0.01,2025-09-09,2025-10-08,2,0.35,2.0,47.5
tyr,102,0.11,0.01,2025-08-27,2025-11-25,91,0.46,5.0,1.12
thehypothesis,88,0.21,0.01,2025-08-27,2025-11-25,88,0.88,17.0,1.0
teveo,24,0.3,0.01,2025-11-20,2025-11-20,1,1.33,6.0,24.0
teva-anz,13,0.15,0.01,2025-10-01,2025-10-01,1,0.85,4.0,13.0
sweatybetty,99,0.3,0.01,2025-08-27,2025-11-25,91,1.17,11.0,1.09
sundayred,25,0.16,0.01,2025-09-22,2025-11-25,2,0.8,1.0,12.5
stevemadden,4,0.28,0.01,2025-09-05,2025-10-07,3,2.25,4.0,1.33
sterlingrope,91,0.19,0.01,2025-08-27,2025-11-25,91,0.54,3.0,1.0
steelcase,91,0.12,0.01,2025-08-27,2025-11-25,91,0.57,4.0,1.0
stance,2,0.13,0.01,2025-09-03,2025-09-05,2,2.0,3.0,1.0
treestuff,91,0.18,0.01,2025-08-27,2025-11-25,91,0.84,34.0,1.0
uk-representclo,1,0.14,0.01,2025-09-18,2025-09-18,1,2.0,2.0,1.0
sorel,17,0.18,0.01,2025-08-31,2025-11-24,16,1.82,11.0,1.06
144296d,164,0.16,0.01,2025-09-08,2025-11-25,7,0.51,3.0,23.43
zoskinhealth,8,0.18,0.01,2025-09-29,2025-09-30,2,3.25,9.0,4.0
zoro,91,0.11,0.01,2025-08-27,2025-11-25,91,0.48,8.0,1.0
06f80fe,8,0.11,0.01,2025-10-15,2025-10-15,1,0.87,2.0,8.0
0ec245b,62,0.11,0.01,2025-11-24,2025-11-24,1,0.79,5.0,62.0
worth,2,0.17,0.01,2025-09-17,2025-09-17,1,2.5,3.0,2.0
workariat,91,0.1,0.01,2025-08-27,2025-11-25,91,0.46,7.0,1.0
13181d8,44,0.13,0.01,2025-09-04,2025-11-07,3,2.39,12.0,14.67
westmarinepro,3,0.12,0.01,2025-09-10,2025-11-05,2,3.67,9.0,1.5
waterworks,17,0.14,0.01,2025-10-24,2025-11-25,10,0.82,3.0,1.7
wahoofitness,8,0.27,0.01,2025-09-01,2025-11-01,5,3.25,14.0,1.6
2d6b93d,65,0.18,0.01,2025-09-01,2025-11-24,13,1.51,9.0,5.0
vsgb2b,91,0.16,0.01,2025-08-27,2025-11-25,91,1.13,21.0,1.0
1bc58ac,92,0.26,0.01,2025-10-20,2025-11-13,2,1.71,64.0,46.0
victoriabeckhamus,143,0.16,0.01,2025-09-01,2025-11-24,13,0.38,8.0,11.0
vertx,26,0.11,0.01,2025-08-28,2025-11-24,26,0.73,2.0,1.0
2832633,23,0.14,0.01,2025-10-10,2025-11-25,6,1.17,5.0,3.83
venusetfleur,2,0.11,0.01,2025-08-27,2025-09-04,2,2.0,2.0,1.0
utilitydirect,91,0.16,0.01,2025-08-27,2025-11-25,91,0.48,3.0,1.0
usanetwork,91,0.2,0.01,2025-08-27,2025-11-25,91,1.14,14.0,1.0
uniqlo,28,0.13,0.01,2025-08-27,2025-11-19,15,0.75,2.0,1.87
speedo-au,13,0.14,0.01,2025-10-01,2025-10-01,1,0.85,4.0,13.0
solony,91,0.18,0.01,2025-08-27,2025-11-25,91,1.66,79.0,1.0
peacock,91,0.12,0.01,2025-08-27,2025-11-25,91,0.71,8.0,1.0
ab4c562,87,0.18,0.01,2025-09-09,2025-09-09,1,0.61,6.0,87.0
reitmans,13,0.27,0.01,2025-08-28,2025-11-24,13,1.77,6.0,1.0
9e4e7aa,122,0.11,0.01,2025-08-27,2025-11-25,51,1.23,4.0,2.39
a5f906d,5,0.3,0.01,2025-10-15,2025-10-15,1,5.4,11.0,5.0
rawlings,4,0.22,0.01,2025-10-27,2025-10-29,2,2.0,2.0,2.0
a67d299,91,0.28,0.01,2025-08-27,2025-11-19,13,1.95,5.0,7.0
rab,91,0.16,0.01,2025-08-27,2025-11-25,91,1.3,15.0,1.0
a74c005,87,0.16,0.01,2025-09-25,2025-09-25,1,0.56,12.0,87.0
puritanpride,13,0.19,0.01,2025-10-02,2025-10-02,1,1.23,8.0,13.0
puritan,13,0.13,0.01,2025-10-02,2025-10-02,1,0.85,4.0,13.0
prokeds,91,0.1,0.01,2025-08-27,2025-11-25,91,0.44,7.0,1.0
revitalash,2,0.12,0.01,2025-11-10,2025-11-10,1,3.5,4.0,2.0
prohockeylife,91,0.1,0.01,2025-08-27,2025-11-25,91,0.96,22.0,1.0
proform,2,0.12,0.01,2025-09-02,2025-11-25,2,8.0,14.0,1.0
pocsports,76,0.13,0.01,2025-08-27,2025-10-03,38,1.39,8.0,2.0
playstation,5,0.1,0.01,2025-10-09,2025-11-24,3,0.6,1.0,1.67
accessonline,91,0.1,0.01,2025-08-27,2025-11-25,91,0.66,7.0,1.0
petsathome,1,0.13,0.01,2025-09-17,2025-09-17,1,8.0,8.0,1.0
acnestudios,6,0.12,0.01,2025-09-23,2025-10-30,2,1.33,3.0,3.0
adi-emea,40,0.2,0.01,2025-09-01,2025-11-01,3,1.46,6.0,13.33
adinasjewels,3,0.12,0.01,2025-10-21,2025-10-22,2,1.33,2.0,1.5
rescuedirect,90,0.18,0.01,2025-08-27,2025-11-25,90,0.64,6.0,1.0
revzilla,4,0.24,0.01,2025-09-09,2025-09-09,1,1.5,3.0,4.0
7235828,22,0.21,0.01,2025-10-07,2025-10-07,1,0.82,2.0,22.0
84588c4,129,0.24,0.01,2025-09-09,2025-09-30,18,0.6,8.0,7.17
society6,7,0.28,0.01,2025-10-29,2025-11-18,4,4.57,16.0,1.75
snowpeak,4,0.21,0.01,2025-10-24,2025-10-27,2,6.5,11.0,2.0
snipes,15,0.19,0.01,2025-08-29,2025-11-01,8,1.27,4.0,1.88
smithoptics,130,0.29,0.01,2025-08-27,2025-11-25,91,0.87,14.0,1.43
sleepcountry,2,0.11,0.01,2025-11-06,2025-11-06,1,3.0,4.0,2.0
silkysaws,91,0.16,0.01,2025-08-27,2025-11-25,91,0.71,2.0,1.0
shoestation,14,0.21,0.01,2025-10-07,2025-11-03,2,1.36,6.0,7.0
shinola,13,0.18,0.01,2025-11-19,2025-11-19,1,2.08,8.0,13.0
sherrilltree,91,0.17,0.01,2025-08-27,2025-11-25,91,0.85,35.0,1.0
scrubsandbeyond,7,0.29,0.01,2025-09-03,2025-10-30,5,2.29,4.0,1.4
richemontemployee,30,0.11,0.01,2025-08-29,2025-11-25,30,0.7,5.0,1.0
scholasticparents,24,0.27,0.01,2025-11-10,2025-11-10,1,0.79,5.0,24.0
saucony,104,0.13,0.01,2025-08-27,2025-11-25,91,0.56,6.0,1.14
877e96c,11,0.25,0.01,2025-09-26,2025-10-15,2,1.27,3.0,5.5
saks,17,0.16,0.01,2025-09-12,2025-11-11,5,0.47,3.0,3.4
marucci,13,0.27,0.01,2025-08-28,2025-08-28,1,2.54,9.0,13.0
russellandbromley,108,0.18,0.01,2025-08-27,2025-11-25,91,1.23,7.0,1.19
rothys,3,0.24,0.01,2025-09-03,2025-10-28,2,2.33,3.0,1.5
rory,2,0.12,0.01,2025-11-17,2025-11-19,2,4.5,8.0,1.0
roandzo,8,0.25,0.01,2025-10-08,2025-10-22,4,1.13,2.0,2.0
8efd7bb,64,0.24,0.01,2025-09-29,2025-09-29,1,0.67,3.0,64.0
nbcsports,91,0.19,0.01,2025-08-27,2025-11-25,91,0.9,5.0,1.0
hats,91,0.19,0.01,2025-08-27,2025-11-25,91,0.43,5.0,1.0
final-score,13,0.15,0.01,2025-09-01,2025-11-24,13,2.92,10.0,1.0
c2023d6,91,0.11,0.01,2025-08-27,2025-11-25,91,1.33,7.0,1.0
golf,182,0.23,0.01,2025-08-27,2025-11-25,91,0.77,26.0,2.0
josbanks,15,0.11,0.01,2025-10-27,2025-10-27,1,0.87,1.0,15.0
jomalone,91,0.21,0.01,2025-08-27,2025-11-25,91,0.62,2.0,1.0
c8de711,22,0.17,0.01,2025-09-02,2025-09-02,1,1.32,2.0,22.0
johnstonmurphy,26,0.22,0.01,2025-09-01,2025-11-24,13,0.85,4.0,2.0
ca0f2ab,87,0.18,0.01,2025-09-04,2025-09-04,1,0.15,3.0,87.0
jockey,1,0.13,0.01,2025-09-15,2025-09-15,1,4.0,4.0,1.0
ellesse-au,13,0.14,0.01,2025-10-01,2025-10-01,1,2.08,13.0,13.0
firstalert,11,0.11,0.01,2025-09-23,2025-10-15,2,0.73,3.0,5.5
calvinklein,104,0.14,0.01,2025-08-27,2025-11-25,91,0.52,5.0,1.14
calvinklein2,108,0.3,0.01,2025-08-27,2025-11-25,91,0.76,13.0,1.19
cosmoprofreturns,46,0.12,0.01,2025-09-08,2025-10-24,3,0.39,3.0,15.33
carharttr,183,0.21,0.01,2025-08-27,2025-11-25,91,0.5,12.0,2.01
jansport,55,0.21,0.01,2025-09-01,2025-11-24,15,0.7,3.0,3.67
footaction,13,0.17,0.01,2025-09-01,2025-11-24,13,3.23,10.0,1.0
justblinds,1,0.15,0.01,2025-09-09,2025-09-09,1,34.0,34.0,1.0
kangol,91,0.19,0.01,2025-08-27,2025-11-25,91,0.46,5.0,1.0
karenlazardesign,2,0.16,0.01,2025-09-25,2025-09-25,1,2.0,2.0,2.0
fd6cbfe,110,0.14,0.01,2025-09-16,2025-11-17,11,0.38,3.0,10.0
ergobabyca,91,0.22,0.01,2025-08-27,2025-11-25,91,0.65,2.0,1.0
ergobabyde,91,0.24,0.01,2025-08-27,2025-11-25,91,0.78,6.0,1.0
lagos,2,0.19,0.01,2025-09-04,2025-09-04,1,1.5,2.0,2.0
davidsbridal,5,0.28,0.01,2025-09-24,2025-10-09,3,4.6,13.0,1.67
lacoste-au,15,0.26,0.01,2025-10-01,2025-11-03,2,1.13,5.0,7.5
f1d6d58,10,0.27,0.01,2025-10-21,2025-10-21,1,3.3,10.0,10.0
knix,202,0.14,0.01,2025-08-27,2025-11-25,91,1.21,7.0,2.22
kiplingnora,25,0.15,0.01,2025-09-24,2025-09-25,2,1.52,3.0,12.5
fable,3,0.26,0.01,2025-09-19,2025-09-19,1,1.0,1.0,3.0
bs international,30,0.1,0.01,2025-10-12,2025-10-12,1,0.4,1.0,30.0
kellyclarksonshow,91,0.12,0.01,2025-08-27,2025-11-25,91,0.69,9.0,1.0
bumbleandbumble,91,0.19,0.01,2025-08-27,2025-11-25,91,0.65,4.0,1.0
katvondbeauty,15,0.3,0.01,2025-08-27,2025-11-17,3,1.73,7.0,5.0
d0683d3,118,0.16,0.01,2025-11-10,2025-11-18,4,0.56,5.0,29.5
cuisinart,4,0.13,0.01,2025-11-03,2025-11-03,1,3.75,5.0,4.0
carvedesigns,39,0.26,0.01,2025-08-28,2025-08-28,1,1.56,4.0,39.0
containerstore,12,0.1,0.01,2025-10-20,2025-10-20,1,1.33,2.0,12.0
integrabeauty,1,0.11,0.01,2025-09-12,2025-09-12,1,1.0,1.0,1.0
coachoutlet-anz,30,0.21,0.01,2025-10-01,2025-10-15,3,0.53,5.0,10.0
harleydavidson,2,0.11,0.01,2025-10-10,2025-10-10,1,2.0,2.0,2.0
garmin,15,0.25,0.01,2025-09-16,2025-11-19,2,3.98,9.0,7.5
clarinsusa,36,0.19,0.01,2025-09-01,2025-11-01,3,1.0,3.0,12.0
hammacherschlemmer,91,0.14,0.01,2025-08-27,2025-11-25,91,0.63,7.0,1.0
gfore,143,0.23,0.01,2025-08-27,2025-11-25,91,1.84,10.0,1.57
guitarcenter,10,0.22,0.01,2025-09-29,2025-11-24,3,1.1,3.0,3.33
grillspot,91,0.19,0.01,2025-08-27,2025-11-25,91,0.57,2.0,1.0
grendeneglobal,2,0.1,0.01,2025-10-23,2025-10-23,1,4.0,5.0,2.0
gregnormancollection,93,0.2,0.01,2025-08-27,2025-11-25,91,0.52,12.0,1.02
clubmonaco,91,0.24,0.01,2025-08-27,2025-11-25,91,0.62,6.0,1.0
club-monaco,91,0.22,0.01,2025-08-27,2025-11-25,91,0.79,14.0,1.0
clarksoutlet,25,0.25,0.01,2025-09-01,2025-11-24,13,1.88,7.0,1.92
cleanersupply,4,0.12,0.01,2025-10-01,2025-10-01,1,3.75,5.0,4.0
goaliemonkey,2,0.17,0.01,2025-09-08,2025-09-08,1,9.0,12.0,2.0
gordonsjewelers,6,0.3,0.01,2025-09-01,2025-11-01,3,2.83,6.0,2.0
coachorders,95,0.21,0.01,2025-10-08,2025-10-08,1,0.28,3.0,95.0
fsastore,3,0.29,0.01,2025-09-25,2025-10-17,2,3.67,5.0,1.5
cc5b53d,87,0.12,0.01,2025-11-13,2025-11-13,1,0.18,9.0,87.0
helzberg,149,0.13,0.01,2025-09-02,2025-11-19,5,0.81,5.0,29.8
icebreakeremea,129,0.26,0.01,2025-10-03,2025-11-06,4,0.51,3.0,32.25
hytest,125,0.13,0.01,2025-08-27,2025-11-25,91,0.34,3.0,1.37
cd4d776,87,0.16,0.01,2025-09-18,2025-09-18,1,0.41,3.0,87.0
hudabeauty,35,0.2,0.01,2025-11-19,2025-11-19,1,1.49,3.0,35.0
ceabd07,119,0.21,0.01,2025-08-27,2025-11-24,19,1.08,13.0,6.26
hsastore,2,0.14,0.01,2025-09-25,2025-10-17,2,3.5,4.0,1.0
centerwellspecialty,13,0.17,0.01,2025-10-06,2025-10-06,1,3.0,17.0,13.0
chacos,116,0.15,0.01,2025-08-27,2025-11-25,91,1.34,28.0,1.27
hockeymonkeyca,91,0.18,0.01,2025-08-27,2025-11-25,91,1.35,22.0,1.0
himalaya,273,0.2,0.01,2025-08-27,2025-11-25,91,0.64,43.0,3.0
hermanmiller,13,0.16,0.01,2025-09-01,2025-11-24,13,1.46,3.0,1.0
herbalifenutritioncs,3,0.17,0.01,2025-09-30,2025-10-09,2,2.33,3.0,1.5
chefsuniform,1,0.13,0.01,2025-09-04,2025-09-04,1,4.0,4.0,1.0
chefuniforms,88,0.22,0.01,2025-08-27,2025-11-25,88,0.61,2.0,1.0
hendrick,104,0.21,0.01,2025-08-27,2025-11-25,91,0.52,3.0,1.14
eonline,91,0.18,0.01,2025-08-27,2025-11-25,91,1.51,23.0,1.0
c37c9c4,87,0.11,0.01,2025-10-08,2025-10-08,1,0.1,2.0,87.0
elizabetharden,91,0.1,0.01,2025-08-27,2025-11-25,91,0.47,9.0,1.0
e1880e1,16,0.15,0.01,2025-08-27,2025-08-27,1,1.25,3.0,16.0
bostonproper,2,0.11,0.01,2025-09-15,2025-10-08,2,3.5,5.0,1.0
boandtee,65,0.16,0.01,2025-08-27,2025-10-07,3,0.91,4.0,21.67
lillypulitzer,49,0.12,0.01,2025-08-27,2025-10-13,48,0.67,5.0,1.02
ec711c1,44,0.19,0.01,2025-11-03,2025-11-03,1,1.41,4.0,44.0
littlesleepies,1,0.12,0.01,2025-10-10,2025-10-10,1,6.0,6.0,1.0
lofta,3,0.22,0.01,2025-09-19,2025-09-19,1,2.33,3.0,3.0
eastbay,195,0.26,0.01,2025-08-27,2025-11-25,91,0.72,16.0,2.14
bmw,92,0.19,0.01,2025-08-27,2025-11-25,91,0.93,17.0,1.01
eaglecreek,3,0.2,0.01,2025-10-02,2025-11-07,2,1.67,3.0,1.5
briggs-and-riley.shopify,6,0.27,0.01,2025-10-01,2025-11-24,4,2.5,7.0,1.5
luluandgeorgia,5,0.3,0.01,2025-10-20,2025-10-27,2,2.4,5.0,2.5
dd551b2,87,0.28,0.01,2025-11-11,2025-11-11,1,0.09,3.0,87.0
bishop,91,0.17,0.01,2025-08-27,2025-11-25,91,0.79,35.0,1.0
mackenzieltd,2,0.12,0.01,2025-11-11,2025-11-11,1,6.0,8.0,2.0
manscaped,1,0.14,0.01,2025-10-26,2025-10-26,1,5.0,5.0,1.0
marissacollections,2,0.16,0.01,2025-10-09,2025-10-09,1,15.0,16.0,2.0
drunkelephant,26,0.12,0.01,2025-09-01,2025-11-24,13,0.69,5.0,2.0
bensherman-au,26,0.22,0.01,2025-09-29,2025-10-01,2,0.88,6.0,13.0
benchmade,3,0.1,0.01,2025-08-28,2025-09-11,2,9.33,13.0,1.5
drdennisgross,26,0.25,0.01,2025-09-01,2025-11-24,13,0.46,2.0,2.0
doversaddlery,4,0.28,0.01,2025-09-17,2025-10-27,2,8.75,22.0,2.0
disneystore,167,0.18,0.01,2025-10-18,2025-11-19,5,1.18,7.0,33.4
bravotv,91,0.18,0.01,2025-08-27,2025-11-25,91,1.24,23.0,1.0
cledepeaubeaute,26,0.21,0.01,2025-09-01,2025-11-24,13,1.04,4.0,2.0
lanebryant,104,0.25,0.01,2025-08-27,2025-11-25,91,3.21,38.0,1.14
uniqloeu,26,0.06,0.0,2025-09-01,2025-11-24,13,1.12,8.0,2.0
tasteoftexas,2,0.09,0.0,2025-09-30,2025-09-30,1,2.0,2.0,2.0
the-house,13,0.05,0.0,2025-09-01,2025-11-24,13,1.08,2.0,1.0
4b5d9b0,87,0.09,0.0,2025-11-14,2025-11-14,1,0.07,2.0,87.0
franklinsports,13,0.05,0.0,2025-08-27,2025-11-19,13,3.0,24.0,1.0
fred perry,15,0.0,0.0,2025-11-18,2025-11-18,1,0.0,0.0,15.0
cole-haan,87,0.06,0.0,2025-11-14,2025-11-14,1,0.06,2.0,87.0
0fd2200,25,0.05,0.0,2025-11-13,2025-11-13,1,1.16,5.0,25.0
wrangler,4,0.04,0.0,2025-10-09,2025-10-09,1,0.75,2.0,4.0
teambeachbody,2,0.01,0.0,2025-09-10,2025-09-10,1,3.0,4.0,2.0
dunninggolf,91,0.1,0.0,2025-08-27,2025-11-25,91,0.34,2.0,1.0
diptyqueparis,11,0.0,0.0,2025-11-03,2025-11-03,1,0.0,0.0,11.0
freepeople,3,0.06,0.0,2025-09-02,2025-11-02,3,2.33,6.0,1.0
disckieslife,13,0.09,0.0,2025-11-11,2025-11-11,1,1.85,9.0,13.0
david yurman,1,0.01,0.0,2025-10-16,2025-10-16,1,1.0,1.0,1.0
tatcha,1,0.01,0.0,2025-09-17,2025-09-17,1,5.0,5.0,1.0
thebouqs,1,0.0,0.0,2025-11-13,2025-11-13,1,0.0,0.0,1.0
frankiesbikinis,1,0.01,0.0,2025-10-16,2025-10-16,1,0.0,0.0,1.0
francosarto,22,0.06,0.0,2025-11-17,2025-11-17,1,0.64,2.0,22.0
thermoworks,2,0.08,0.0,2025-09-03,2025-09-03,1,1.5,2.0,2.0
theyamazakihome,1,0.03,0.0,2025-09-16,2025-09-16,1,1.0,1.0,1.0
dicksportinggoods,1,0.0,0.0,2025-10-27,2025-10-27,1,0.0,0.0,1.0
thexcj,1,0.01,0.0,2025-09-29,2025-09-29,1,3.0,3.0,1.0
conair,15,0.03,0.0,2025-10-28,2025-11-06,3,0.6,2.0,5.0
thethermoworks,1,0.04,0.0,2025-09-03,2025-09-03,1,2.0,2.0,1.0
workariatstaging,91,0.09,0.0,2025-08-27,2025-11-25,91,1.08,38.0,1.0
worldmarket,2,0.01,0.0,2025-10-28,2025-10-28,1,1.0,1.0,2.0
francescas,1,0.0,0.0,2025-09-03,2025-09-03,1,1.0,1.0,1.0
complex,1,0.09,0.0,2025-09-10,2025-09-10,1,2.0,2.0,1.0
worldsoccershop,13,0.01,0.0,2025-09-01,2025-11-24,13,0.08,1.0,1.0
theoryhelmutlang,1,0.03,0.0,2025-08-29,2025-08-29,1,2.0,2.0,1.0
fracescas2,5,0.01,0.0,2025-11-20,2025-11-20,1,2.0,6.0,5.0
francesca,2,0.01,0.0,2025-09-03,2025-09-03,1,1.0,1.0,2.0
digitaldsc,1,0.0,0.0,2025-10-13,2025-10-13,1,0.0,0.0,1.0
xcj,4,0.04,0.0,2025-09-29,2025-11-03,2,1.5,2.0,2.0
0e8061c,12,0.01,0.0,2025-11-15,2025-11-15,1,0.17,1.0,12.0
upwest,13,0.03,0.0,2025-09-01,2025-11-24,13,0.92,6.0,1.0
splendid,92,0.08,0.0,2025-08-27,2025-11-25,91,0.74,10.0,1.01
davinesus,24,0.05,0.0,2025-10-07,2025-10-07,1,1.0,2.0,24.0
victoriabeckham,1,0.0,0.0,2025-11-18,2025-11-18,1,0.0,0.0,1.0
0e24b43,26,0.07,0.0,2025-09-20,2025-10-01,2,0.77,3.0,13.0
disney,15,0.0,0.0,2025-11-11,2025-11-11,1,0.07,1.0,15.0
24ef417,87,0.08,0.0,2025-11-07,2025-11-07,1,0.23,3.0,87.0
square,1,0.05,0.0,2025-09-29,2025-09-29,1,2.0,2.0,1.0
sperry,91,0.09,0.0,2025-08-27,2025-11-25,91,0.43,5.0,1.0
tadashi shoji,2,0.04,0.0,2025-09-22,2025-09-22,1,1.0,1.0,2.0
zalesoutlet,6,0.08,0.0,2025-09-01,2025-11-01,3,1.83,5.0,2.0
es_us,10,0.04,0.0,2025-09-15,2025-09-15,1,1.4,14.0,10.0
virtuelabs,25,0.06,0.0,2025-09-12,2025-11-25,23,0.4,4.0,1.09
zoskin,3,0.03,0.0,2025-09-05,2025-09-29,2,0.67,1.0,1.5
6d75262,24,0.1,0.0,2025-10-28,2025-10-28,1,0.92,2.0,24.0
victoriasseret,1,0.01,0.0,2025-11-10,2025-11-10,1,0.0,0.0,1.0
gilt,1,0.0,0.0,2025-09-03,2025-09-03,1,1.0,1.0,1.0
5be6049,1,0.0,0.0,2025-11-07,2025-11-07,1,0.0,0.0,1.0
virtuelabsprofessionals,1,0.01,0.0,2025-09-08,2025-09-08,1,1.0,1.0,1.0
dryrobe,2,0.01,0.0,2025-10-31,2025-10-31,1,0.5,1.0,2.0
yeti,1,0.0,0.0,2025-09-19,2025-09-19,1,1.0,1.0,1.0
gapfactory,7,0.04,0.0,2025-11-13,2025-11-13,1,1.0,2.0,7.0
52380c6,10,0.02,0.0,2025-09-23,2025-09-23,1,1.4,3.0,10.0
storemwiah,6,0.03,0.0,2025-09-01,2025-11-01,3,0.83,3.0,2.0
5170a35,6,0.06,0.0,2025-11-19,2025-11-20,2,0.83,1.0,3.0
sulwhasoo,90,0.07,0.0,2025-08-27,2025-11-25,90,0.62,7.0,1.0
gapca,1,0.05,0.0,2025-09-23,2025-09-23,1,1.0,1.0,1.0
yankeecandleemea,34,0.0,0.0,2025-10-23,2025-11-25,34,0.26,7.0,1.0
5.11tactical,1,0.0,0.0,2025-11-19,2025-11-19,1,0.0,0.0,1.0
coach-au,1,0.03,0.0,2025-10-15,2025-10-15,1,1.0,1.0,1.0
sur-la-table,30,0.07,0.0,2025-08-31,2025-11-24,30,1.13,10.0,1.0
yankeecandle,34,0.0,0.0,2025-10-23,2025-11-25,34,0.03,1.0,1.0
tackoutlet,1,0.05,0.0,2025-09-17,2025-09-17,1,6.0,6.0,1.0
dhl,1,0.0,0.0,2025-10-28,2025-10-28,1,0.0,0.0,1.0
4519146,9,0.01,0.0,2025-11-25,2025-11-25,1,0.33,3.0,9.0
ezcontacts,1,0.01,0.0,2025-11-25,2025-11-25,1,1.0,1.0,1.0
vouriclothing,1,0.02,0.0,2025-10-07,2025-10-07,1,2.0,2.0,1.0
trekbikes,3,0.01,0.0,2025-10-06,2025-10-13,2,1.0,2.0,1.5
trekbicycles,1,0.0,0.0,2025-10-13,2025-10-13,1,0.0,0.0,1.0
trek,1,0.0,0.0,2025-10-06,2025-10-06,1,0.0,0.0,1.0
cremedelamer,3,0.01,0.0,2025-10-20,2025-10-21,2,0.67,1.0,1.5
d2b5bea,2,0.0,0.0,2025-11-06,2025-11-06,1,1.5,2.0,2.0
traegergrills,4,0.02,0.0,2025-09-02,2025-10-10,4,1.25,2.0,1.0
elite-usa,182,0.04,0.0,2025-08-27,2025-11-25,91,0.89,10.0,2.0
tres colori,2,0.07,0.0,2025-09-12,2025-09-19,2,1.5,2.0,1.0
ff7f598,13,0.0,0.0,2025-11-04,2025-11-04,1,0.31,1.0,13.0
deltachildren,1,0.04,0.0,2025-08-27,2025-08-27,1,2.0,2.0,1.0
35556b6,1,0.0,0.0,2025-10-15,2025-10-15,1,4.0,4.0,1.0
wattieink,2,0.07,0.0,2025-11-07,2025-11-07,1,12.5,15.0,2.0
vitamix,2,0.06,0.0,2025-09-08,2025-11-07,2,2.0,3.0,1.0
vitaminshoppe,2,0.05,0.0,2025-08-28,2025-11-03,2,2.0,3.0,1.0
eda7d1f,12,0.02,0.0,2025-09-23,2025-09-23,1,0.17,1.0,12.0
trescolor,1,0.03,0.0,2025-09-19,2025-09-19,1,1.0,1.0,1.0
womensbesteu,3,0.03,0.0,2025-09-01,2025-11-01,3,0.67,1.0,1.0
14ce42b,12,0.01,0.0,2025-10-08,2025-10-08,1,0.42,1.0,12.0
urbanoutfitters,11,0.04,0.0,2025-08-27,2025-11-25,10,0.45,4.0,1.1
vuori,2,0.04,0.0,2025-09-08,2025-10-15,2,1.0,2.0,1.0
cyclegear,1,0.05,0.0,2025-09-09,2025-09-09,1,2.0,2.0,1.0
2modern,5,0.08,0.0,2025-11-11,2025-11-18,2,1.4,2.0,2.5
dc97ca2,1,0.05,0.0,2025-11-07,2025-11-07,1,3.0,3.0,1.0
3101af5,2,0.0,0.0,2025-11-19,2025-11-20,2,0.5,1.0,1.0
famousfootwear,2,0.0,0.0,2025-11-21,2025-11-21,1,1.0,1.0,2.0
dealsmarketplace,91,0.1,0.0,2025-08-27,2025-11-25,91,0.42,3.0,1.0
wacoal,1,0.0,0.0,2025-10-01,2025-10-01,1,0.0,0.0,1.0
tyreu,91,0.1,0.0,2025-08-27,2025-11-25,91,0.45,3.0,1.0
tyr-teams,2,0.04,0.0,2025-09-24,2025-09-24,1,1.5,2.0,2.0
fenty,1,0.01,0.0,2025-10-02,2025-10-02,1,2.0,2.0,1.0
314f001,12,0.02,0.0,2025-10-28,2025-10-28,1,0.42,1.0,12.0
wacoalamerica,27,0.09,0.0,2025-09-01,2025-11-24,14,0.74,3.0,1.93
finalcut,15,0.01,0.0,2025-11-11,2025-11-11,1,0.33,1.0,15.0
3681df8,12,0.02,0.0,2025-09-19,2025-11-25,4,3.0,7.0,3.0
torani,93,0.04,0.0,2025-08-27,2025-11-25,91,0.46,7.0,1.02
tiffanyandco,1,0.0,0.0,2025-11-20,2025-11-20,1,0.0,0.0,1.0
deltachildrenparts,25,0.03,0.0,2025-10-23,2025-10-23,1,0.52,2.0,25.0
wolverinework,91,0.1,0.0,2025-08-27,2025-11-25,91,0.26,2.0,1.0
tilebar,7,0.06,0.0,2025-08-29,2025-10-08,3,0.57,1.0,2.33
d870013,8,0.02,0.0,2025-10-23,2025-10-23,1,0.63,2.0,8.0
3fd0435,20,0.01,0.0,2025-09-30,2025-11-18,2,0.35,2.0,10.0
tigerofsewden,4,0.01,0.0,2025-09-17,2025-09-17,1,1.0,1.0,4.0
virtueprofessionals,1,0.05,0.0,2025-09-12,2025-09-12,1,3.0,3.0,1.0
fabkids,12,0.05,0.0,2025-09-29,2025-09-29,1,0.83,2.0,12.0
womensbestca,3,0.0,0.0,2025-09-01,2025-11-01,3,0.0,0.0,1.0
tiffany-servicing,11,0.02,0.0,2025-09-29,2025-11-25,7,0.27,1.0,1.57
4079eb7,36,0.04,0.0,2025-11-13,2025-11-13,1,0.36,1.0,36.0
womensbestde,3,0.0,0.0,2025-09-01,2025-11-01,3,0.0,0.0,1.0
virtueprofessional,2,0.07,0.0,2025-09-08,2025-09-12,2,2.0,3.0,1.0
431sports,25,0.02,0.0,2025-09-01,2025-11-24,13,0.32,1.0,1.92
flyingcross,26,0.1,0.0,2025-08-29,2025-11-24,26,1.08,5.0,1.0
florencebymills,2,0.0,0.0,2025-10-28,2025-11-12,2,0.5,1.0,1.0
flooringinc,54,0.08,0.0,2025-09-04,2025-09-09,4,1.04,4.0,13.5
3d173ac,12,0.05,0.0,2025-10-14,2025-10-14,1,0.92,2.0,12.0
tjmax,2,0.0,0.0,2025-10-30,2025-10-30,1,0.5,1.0,2.0
3708375,2,0.07,0.0,2025-11-06,2025-11-06,1,13.5,16.0,2.0
wolfandshepherd,1,0.03,0.0,2025-11-07,2025-11-07,1,1.0,1.0,1.0
tjx,5,0.03,0.0,2025-10-17,2025-10-17,1,1.0,1.0,5.0
wildforkfoods,15,0.0,0.0,2025-08-29,2025-11-17,13,0.07,1.0,1.15
tkmaxx,2,0.01,0.0,2025-10-28,2025-11-07,2,0.5,1.0,1.0
whitestuff,12,0.06,0.0,2025-09-11,2025-11-25,8,0.58,2.0,1.5
tommiecopper,12,0.03,0.0,2025-09-01,2025-11-24,12,0.33,2.0,1.0
cpwminstore,91,0.08,0.0,2025-08-27,2025-11-25,91,0.41,3.0,1.0
whistles,13,0.02,0.0,2025-09-01,2025-11-24,13,0.54,2.0,1.0
fitbit,4,0.0,0.0,2025-10-08,2025-11-25,3,0.25,1.0,1.33
crate&barrel,1,0.01,0.0,2025-09-03,2025-09-03,1,1.0,1.0,1.0
2878e4e,7,0.09,0.0,2025-10-17,2025-10-17,1,1.86,4.0,7.0
wolverineworks,13,0.03,0.0,2025-08-31,2025-11-23,13,0.38,1.0,1.0
bedbathandbeyond,19,0.08,0.0,2025-08-28,2025-11-19,18,0.53,1.0,1.06
soma,5,0.0,0.0,2025-09-17,2025-10-31,4,0.0,0.0,1.25
pandoraam,1,0.04,0.0,2025-10-22,2025-10-22,1,1.0,1.0,1.0
offfifth,1,0.0,0.0,2025-11-06,2025-11-06,1,0.0,0.0,1.0
ashleysteward,1,0.05,0.0,2025-09-16,2025-09-16,1,6.0,6.0,1.0
briggsriley,1,0.09,0.0,2025-10-01,2025-10-01,1,1.0,1.0,1.0
nyxcosmetics,13,0.03,0.0,2025-08-28,2025-11-20,13,0.38,1.0,1.0
briggsandriley,1,0.05,0.0,2025-11-24,2025-11-24,1,4.0,4.0,1.0
landsend-preprod,19,0.06,0.0,2025-09-03,2025-10-16,2,0.32,1.0,9.5
nuskin,1,0.01,0.0,2025-09-19,2025-09-19,1,1.0,1.0,1.0
nuggetcomfort,13,0.0,0.0,2025-09-01,2025-11-24,13,0.85,8.0,1.0
langebeauty,3,0.04,0.0,2025-09-02,2025-09-12,2,1.33,2.0,1.5
briggs-and-riley,1,0.05,0.0,2025-10-01,2025-10-01,1,0.0,0.0,1.0
atmosphere,5,0.0,0.0,2025-11-19,2025-11-19,1,0.6,2.0,5.0
autoanything,12,0.04,0.0,2025-09-16,2025-09-16,1,1.75,5.0,12.0
nobull,2,0.04,0.0,2025-09-23,2025-09-23,1,1.5,2.0,2.0
autoshack,2,0.08,0.0,2025-10-01,2025-10-17,2,2.0,3.0,1.0
brentwoodhome,1,0.05,0.0,2025-09-29,2025-09-29,1,2.0,2.0,1.0
lecreuset,1,0.04,0.0,2025-11-04,2025-11-04,1,4.0,4.0,1.0
bouqs,2,0.01,0.0,2025-09-19,2025-11-13,2,0.5,1.0,1.0
b0e1683,12,0.04,0.0,2025-09-22,2025-09-22,1,1.25,2.0,12.0
levis,1,0.0,0.0,2025-09-03,2025-09-03,1,0.0,0.0,1.0
ariatcrew,14,0.05,0.0,2025-08-27,2025-11-24,13,0.31,2.0,1.08
ohpollyau,22,0.01,0.0,2025-11-13,2025-11-13,1,1.09,4.0,22.0
briggsrileycn,1,0.04,0.0,2025-11-17,2025-11-17,1,2.0,2.0,1.0
buffalo,3,0.02,0.0,2025-09-01,2025-11-01,3,2.0,3.0,1.0
p2p,1,0.0,0.0,2025-11-20,2025-11-20,1,1.0,1.0,1.0
overtons,13,0.06,0.0,2025-09-01,2025-11-24,13,0.85,2.0,1.0
burrow,3,0.09,0.0,2025-09-22,2025-09-22,1,1.33,2.0,3.0
allpoints,91,0.08,0.0,2025-08-27,2025-11-25,91,0.3,7.0,1.0
altardstatesimple,1,0.0,0.0,2025-11-06,2025-11-06,1,0.0,0.0,1.0
kayoutlet,6,0.09,0.0,2025-09-01,2025-11-01,3,1.5,5.0,2.0
bullionmax,273,0.09,0.0,2025-08-27,2025-11-25,91,0.66,66.0,3.0
americaneagle,1,0.0,0.0,2025-11-10,2025-11-10,1,0.0,0.0,1.0
btemptd,13,0.03,0.0,2025-09-01,2025-11-24,13,0.54,2.0,1.0
laithwaites,2,0.01,0.0,2025-11-04,2025-11-04,1,0.5,1.0,2.0
bs,15,0.1,0.0,2025-10-12,2025-10-12,1,0.67,1.0,15.0
knixca,100,0.06,0.0,2025-08-27,2025-11-25,91,0.88,6.0,1.1
knixteen,185,0.07,0.0,2025-08-27,2025-11-25,91,0.89,3.0,2.03
knixteenca,93,0.07,0.0,2025-08-27,2025-11-25,91,0.68,6.0,1.02
kohler,3,0.01,0.0,2025-10-23,2025-10-23,1,1.0,1.0,3.0
lacrosse-unlimited,4,0.01,0.0,2025-10-13,2025-10-13,1,1.0,1.0,4.0
annsacks,1,0.07,0.0,2025-11-11,2025-11-11,1,2.0,2.0,1.0
lacrosseunlimited,1,0.0,0.0,2025-10-13,2025-10-13,1,0.0,0.0,1.0
b443255,95,0.1,0.0,2025-10-28,2025-11-04,2,0.33,5.0,47.5
lifeseasons,1,0.0,0.0,2025-10-03,2025-10-03,1,0.0,0.0,1.0
donnakaran,1,0.0,0.0,2025-11-04,2025-11-04,1,1.0,1.0,1.0
bgasc,273,0.1,0.0,2025-08-27,2025-11-25,91,0.6,33.0,3.0
milliondollarbaby,24,0.04,0.0,2025-08-29,2025-08-29,1,0.79,2.0,24.0
maccosmetics,11,0.11,0.0,2025-09-01,2025-11-01,4,1.5,5.0,2.75
mikuta,5,0.01,0.0,2025-11-14,2025-11-14,1,0.0,0.0,5.0
balsamhillau,77,0.03,0.0,2025-10-10,2025-10-10,1,0.47,3.0,77.0
bananarepublicfactoryca,1,0.0,0.0,2025-11-13,2025-11-13,1,2.0,2.0,1.0
madwell,1,0.01,0.0,2025-09-03,2025-09-03,1,1.0,1.0,1.0
makeupforever,11,0.02,0.0,2025-09-01,2025-11-20,4,1.0,2.0,2.75
batesfootwear,91,0.1,0.0,2025-08-27,2025-11-25,91,0.85,28.0,1.0
marissa collections,2,0.04,0.0,2025-10-09,2025-10-09,1,4.5,6.0,2.0
monkeysports,13,0.03,0.0,2025-09-23,2025-09-23,1,0.15,2.0,13.0
marksandspencer,14,0.07,0.0,2025-09-23,2025-11-18,3,0.93,2.0,4.67
meateater,2,0.04,0.0,2025-09-01,2025-10-01,2,2.0,3.0,1.0
mcs,2,0.05,0.0,2025-09-01,2025-10-01,2,3.5,6.0,1.0
beach2ocean,91,0.1,0.0,2025-08-27,2025-11-25,91,0.46,9.0,1.0
maujim,1,0.04,0.0,2025-10-30,2025-10-30,1,1.0,1.0,1.0
mauijims,1,0.04,0.0,2025-10-30,2025-10-30,1,2.0,2.0,1.0
mauijim,2,0.09,0.0,2025-10-30,2025-10-30,1,1.5,2.0,2.0
beautyworks,40,0.12,0.0,2025-09-25,2025-11-17,2,1.44,4.0,20.0
milly,11,0.04,0.0,2025-10-27,2025-10-27,1,2.82,19.0,11.0
ma28online,6,0.05,0.0,2025-09-01,2025-11-01,3,0.17,1.0,2.0
linktheory,15,0.03,0.0,2025-09-29,2025-09-29,1,0.27,2.0,15.0
luckybrand,2,0.01,0.0,2025-10-27,2025-10-27,1,0.0,0.0,2.0
nautica,2,0.0,0.0,2025-10-27,2025-10-27,1,0.5,1.0,2.0
naturessunshine,91,0.1,0.0,2025-11-18,2025-11-24,2,1.41,11.0,45.5
natori,4,0.08,0.0,2025-09-01,2025-10-01,2,1.25,2.0,2.0
louisvuittion,1,0.01,0.0,2025-10-22,2025-10-22,1,1.0,1.0,1.0
bluemercury,3,0.01,0.0,2025-08-27,2025-11-04,3,0.33,1.0,1.0
babyletto,28,0.03,0.0,2025-08-29,2025-08-29,1,0.71,2.0,28.0
babylisspro,97,0.06,0.0,2025-10-29,2025-11-13,2,0.36,3.0,48.5
blueair,13,0.04,0.0,2025-08-27,2025-11-19,13,0.46,2.0,1.0
myollie,2,0.08,0.0,2025-09-29,2025-09-29,1,2.5,3.0,2.0
moss,2,0.06,0.0,2025-09-01,2025-11-01,2,3.0,4.0,1.0
lug,1,0.01,0.0,2025-11-24,2025-11-24,1,1.0,1.0,1.0
mvmt,2,0.03,0.0,2025-09-01,2025-10-01,2,1.0,2.0,1.0
lulemon,1,0.0,0.0,2025-10-21,2025-10-21,1,0.0,0.0,1.0
musicarts,2,0.1,0.0,2025-10-18,2025-10-20,2,4.0,5.0,1.0
mugler,33,0.06,0.0,2025-09-01,2025-11-01,3,0.45,2.0,11.0
msc,1,0.04,0.0,2025-11-13,2025-11-13,1,1.0,1.0,1.0
lululemonintl,1,0.0,0.0,2025-10-27,2025-10-27,1,0.0,0.0,1.0
lululmeon,15,0.05,0.0,2025-10-02,2025-10-02,1,0.0,0.0,15.0
paireyewear,91,0.01,0.0,2025-08-27,2025-11-25,91,0.54,5.0,1.0
allenedmonds,1,0.02,0.0,2025-11-05,2025-11-05,1,2.0,2.0,1.0
golfpass,91,0.08,0.0,2025-08-27,2025-11-25,91,0.59,12.0,1.0
justice,1,0.0,0.0,2025-09-04,2025-09-04,1,1.0,1.0,1.0
masimo,7,0.06,0.0,2025-08-27,2025-09-02,7,1.14,2.0,1.0
chloe,1,0.0,0.0,2025-09-18,2025-09-18,1,1.0,1.0,1.0
sharkclean,5,0.05,0.0,2025-09-01,2025-11-01,4,1.0,2.0,1.25
81d7d7e,61,0.05,0.0,2025-08-27,2025-11-21,10,3.31,137.0,6.1
serenaandlily,1,0.0,0.0,2025-11-21,2025-11-21,1,1.0,1.0,1.0
se,1,0.0,0.0,2025-11-19,2025-11-19,1,0.0,0.0,1.0
char-broil-preprod,87,0.07,0.0,2025-10-20,2025-10-20,1,0.61,9.0,87.0
heydude,1,0.0,0.0,2025-10-20,2025-10-20,1,0.0,0.0,1.0
sandro,91,0.04,0.0,2025-08-27,2025-11-25,91,0.58,17.0,1.0
866d990,87,0.05,0.0,2025-10-31,2025-10-31,1,0.09,2.0,87.0
saloncentric,3,0.1,0.0,2025-10-15,2025-10-15,1,1.67,3.0,3.0
87646c4,8,0.03,0.0,2025-09-29,2025-09-29,1,0.88,5.0,8.0
saksfifthavenye,1,0.0,0.0,2025-11-21,2025-11-21,1,0.0,0.0,1.0
heydude-de,2,0.01,0.0,2025-10-20,2025-10-20,1,0.5,1.0,2.0
char-broil,1,0.04,0.0,2025-10-10,2025-10-10,1,1.0,1.0,1.0
rymax,1,0.05,0.0,2025-11-07,2025-11-07,1,2.0,2.0,1.0
hims,1,0.05,0.0,2025-09-08,2025-09-08,1,2.0,2.0,1.0
rufflebutts,1,0.05,0.0,2025-11-10,2025-11-10,1,8.0,8.0,1.0
hobbs,13,0.03,0.0,2025-09-01,2025-11-24,13,0.77,2.0,1.0
cigar,17,0.05,0.0,2025-10-09,2025-10-09,1,0.65,1.0,17.0
7forallmankind,117,0.14,0.0,2025-08-27,2025-11-25,91,0.99,44.0,1.29
clarinsca,26,0.04,0.0,2025-08-27,2025-11-24,26,1.0,2.0,1.0
75c75e9,1,0.03,0.0,2025-08-28,2025-08-28,1,6.0,6.0,1.0
solidandstriped,1,0.0,0.0,2025-10-23,2025-10-23,1,0.0,0.0,1.0
solebox,3,0.0,0.0,2025-09-01,2025-11-01,3,0.33,1.0,1.0
soccer,13,0.01,0.0,2025-09-01,2025-11-24,13,0.31,1.0,1.0
govx,2,0.06,0.0,2025-10-22,2025-10-28,1,2.0,2.0,2.0
gozney,9,0.08,0.0,2025-09-25,2025-09-25,1,1.78,4.0,9.0
snakeriverfarms,1,0.0,0.0,2025-11-18,2025-11-18,1,0.0,0.0,1.0
clarinszendesk,12,0.01,0.0,2025-09-10,2025-09-10,1,1.25,3.0,12.0
73b283a,1,0.0,0.0,2025-10-03,2025-10-03,1,1.0,1.0,1.0
haggar,67,0.08,0.0,2025-08-27,2025-10-29,64,0.42,4.0,1.05
harmanaudio,26,0.06,0.0,2025-09-23,2025-10-09,5,0.65,6.0,5.2
simonk-test,2,0.07,0.0,2025-09-03,2025-09-03,1,1.0,1.0,2.0
silver,273,0.1,0.0,2025-08-27,2025-11-25,91,0.47,4.0,3.0
happiestbaby,91,0.08,0.0,2025-08-27,2025-11-25,91,0.29,2.0,1.0
signet,3,0.0,0.0,2025-09-29,2025-11-18,3,0.0,0.0,1.0
7b566f1,24,0.02,0.0,2025-10-17,2025-10-17,1,0.33,1.0,24.0
shopthemoment,91,0.09,0.0,2025-08-27,2025-11-25,91,0.43,2.0,1.0
7e160e6,8,0.07,0.0,2025-11-07,2025-11-07,1,0.75,1.0,8.0
harleydavidsonfootwear,91,0.1,0.0,2025-08-27,2025-11-25,91,0.73,28.0,1.0
917d48c,5,0.0,0.0,2025-11-18,2025-11-18,1,0.6,2.0,5.0
926ffa8,87,0.06,0.0,2025-11-14,2025-11-14,1,0.77,13.0,87.0
rockwelltools,91,0.08,0.0,2025-08-27,2025-11-25,91,0.26,10.0,1.0
c8df2af,95,0.07,0.0,2025-10-23,2025-11-06,2,0.21,3.0,47.5
prettylitter,1,0.0,0.0,2025-09-15,2025-09-15,1,0.0,0.0,1.0
polkaudio,7,0.07,0.0,2025-08-27,2025-09-02,7,2.14,7.0,1.0
jedora,13,0.07,0.0,2025-09-12,2025-09-12,1,1.46,7.0,13.0
plenity,1,0.04,0.0,2025-11-19,2025-11-19,1,2.0,2.0,1.0
cabanamagazine,1,0.04,0.0,2025-09-23,2025-09-23,1,4.0,4.0,1.0
joann,3,0.0,0.0,2025-10-01,2025-10-29,2,0.0,0.0,1.5
acmetools,91,0.1,0.0,2025-08-27,2025-11-25,91,0.91,8.0,1.0
phase-eight,13,0.03,0.0,2025-09-01,2025-11-24,13,0.62,2.0,1.0
petermillarstore,13,0.02,0.0,2025-09-01,2025-11-24,13,0.62,2.0,1.0
jd-sports-emea,1,0.02,0.0,2025-10-09,2025-10-09,1,2.0,2.0,1.0
joonloloi,2,0.0,0.0,2025-09-09,2025-09-09,1,1.0,2.0,2.0
adinaeden,1,0.02,0.0,2025-10-22,2025-10-22,1,1.0,1.0,1.0
c75b890,93,0.09,0.0,2025-10-30,2025-11-24,3,0.33,5.0,31.0
pearlizumi,16,0.04,0.0,2025-09-16,2025-09-16,1,1.69,4.0,16.0
jpcycles,1,0.07,0.0,2025-09-09,2025-09-09,1,1.0,1.0,1.0
adorama,1,0.01,0.0,2025-09-08,2025-09-08,1,0.0,0.0,1.0
aeropostale,17,0.06,0.0,2025-09-01,2025-11-24,15,1.65,5.0,1.13
alexmill,12,0.02,0.0,2025-09-16,2025-09-16,1,1.08,2.0,12.0
campingworld,16,0.06,0.0,2025-09-01,2025-11-24,15,0.63,2.0,1.07
carharttemea,13,0.04,0.0,2025-08-27,2025-11-19,13,1.0,5.0,1.0
rockandrepublic,6,0.08,0.0,2025-10-09,2025-10-09,1,1.0,2.0,6.0
isaia,1,0.04,0.0,2025-10-01,2025-10-01,1,2.0,2.0,1.0
hp,7,0.0,0.0,2025-10-01,2025-11-17,6,0.14,1.0,1.17
9438214,87,0.05,0.0,2025-11-07,2025-11-07,1,0.11,2.0,87.0
9bb64a0,2,0.01,0.0,2025-09-03,2025-09-22,2,1.0,1.0,1.0
hushpuppies,91,0.1,0.0,2025-08-27,2025-11-25,91,0.55,10.0,1.0
reionline,12,0.02,0.0,2025-09-29,2025-11-18,10,0.08,1.0,1.2
ifit,1,0.0,0.0,2025-11-14,2025-11-14,1,0.0,0.0,1.0
cbdfx,13,0.1,0.0,2025-11-03,2025-11-12,1,3.84,7.0,13.0
cba85ae,40,0.05,0.0,2025-10-15,2025-10-15,1,0.85,5.0,40.0
rag-bone-returns,2,0.01,0.0,2025-10-22,2025-10-22,1,0.5,1.0,2.0
japanesetaste,15,0.01,0.0,2025-09-26,2025-10-20,3,0.67,2.0,5.0
rag-bone,2,0.01,0.0,2025-10-03,2025-10-03,1,0.5,1.0,2.0
iwcschauffhausen,1,0.0,0.0,2025-09-18,2025-09-18,1,1.0,1.0,1.0
iwcus,1,0.01,0.0,2025-09-02,2025-09-02,1,1.0,1.0,1.0
quayaustralia,24,0.04,0.0,2025-08-27,2025-11-12,21,0.33,2.0,1.14
aa4239a,24,0.02,0.0,2025-11-15,2025-11-15,1,0.0,0.0,24.0
jackwolfskin,1,0.06,0.0,2025-09-03,2025-09-03,1,1.0,1.0,1.0
jamesperse,1,0.07,0.0,2025-11-07,2025-11-07,1,3.0,3.0,1.0
pureology,1,0.0,0.0,2025-11-12,2025-11-12,1,2.0,2.0,1.0
+0.1% vs ct,9,0.09,0.0,2025-09-01,2025-09-01,1,1.78,3.0,9.0
